TimeStramp,ECG,SpO2,Respiration
09:57:25,168.892,0.0,0.0
09:57:25,96.454,0.0,0.0
09:57:25,172.908,0.0,0.0
09:57:25,114.265,0.0,0.0
09:57:25,149.443,0.0,0.0
09:57:25,183.039,0.0,0.0
09:57:25,123.241,0.0,0.0
09:57:25,198.388,0.0,0.0
09:57:25,125.953,0.0,0.0
09:57:25,148.321,0.0,0.0
09:57:25,171.633,0.0,0.0
09:57:25,105.123,0.0,0.0
09:57:25,186.011,0.0,0.0
09:57:25,119.777,0.0,0.0
09:57:25,144.638,0.0,0.0
09:57:25,168.069,0.0,0.0
09:57:25,102.088,0.0,0.0
09:57:25,181.989,0.0,0.0
09:57:25,114.948,0.0,0.0
09:57:25,138.969,0.0,0.0
09:57:25,161.44,0.0,0.0
09:57:25,95.432,0.0,0.0
09:57:25,175.595,0.0,0.0
09:57:25,109.175,0.0,0.0
09:57:25,134.009,0.0,0.0
09:57:25,157.289,0.0,0.0
09:57:25,92.186,0.0,0.0
09:57:25,172.558,0.0,0.0
09:57:25,106.851,0.0,0.0
09:57:25,132.904,0.0,0.0
09:57:25,156.335,0.0,0.0
09:57:25,91.927,0.0,0.0
09:57:25,172.119,0.0,0.0
09:57:25,105.458,0.0,0.0
09:57:25,131.289,0.0,0.0
09:57:25,155.439,0.0,0.0
09:57:25,92.123,0.0,0.0
09:57:25,173.981,0.0,0.0
09:57:25,109.139,0.0,0.0
09:57:25,137.266,0.0,0.0
09:57:25,162.191,0.0,0.0
09:57:25,98.01,0.0,0.0
09:57:25,179.869,0.0,0.0
09:57:25,113.401,0.0,0.0
09:57:25,139.98,0.0,0.0
09:57:25,162.629,0.0,0.0
09:57:25,95.155,0.0,0.0
09:57:25,173.452,0.0,0.0
09:57:25,107.193,0.0,0.0
09:57:25,135.901,0.0,0.0
09:57:25,160.874,0.0,0.0
09:57:25,98.365,0.0,0.0
09:57:25,179.985,0.0,0.0
09:57:25,113.714,0.0,0.0
09:57:25,140.499,0.0,0.0
09:57:25,162.201,0.0,0.0
09:57:25,101.471,0.0,0.0
09:57:25,178.45,0.0,0.0
09:57:25,114.539,0.0,0.0
09:57:25,144.997,0.0,0.0
09:57:25,160.023,0.0,0.0
09:57:25,105.714,0.0,0.0
09:57:25,178.088,0.0,0.0
09:57:25,115.088,0.0,0.0
09:57:25,145.886,0.0,0.0
09:57:25,157.869,0.0,0.0
09:57:25,107.843,0.0,0.0
09:57:25,176.153,0.0,0.0
09:57:25,115.021,0.0,0.0
09:57:25,151.548,0.0,0.0
09:57:25,153.633,0.0,0.0
09:57:25,113.345,0.0,0.0
09:57:25,178.227,0.0,0.0
09:57:25,114.966,0.0,0.0
09:57:25,154.441,0.0,0.0
09:57:25,153.113,0.0,0.0
09:57:25,116.108,0.0,0.0
09:57:25,177.426,0.0,0.0
09:57:25,116.107,0.0,0.0
09:57:25,156.55,0.0,0.0
09:57:25,154.766,0.0,0.0
09:57:25,119.287,0.0,0.0
09:57:25,180.308,0.0,0.0
09:57:25,119.047,0.0,0.0
09:57:25,157.669,0.0,0.0
09:57:25,155.26,0.0,0.0
09:57:25,118.501,0.0,0.0
09:57:25,177.743,0.0,0.0
09:57:25,115.546,0.0,0.0
09:57:25,153.877,0.0,0.0
09:57:25,151.746,0.0,0.0
09:57:25,115.675,0.0,0.0
09:57:25,175.833,0.0,0.0
09:57:25,114.986,0.0,0.0
09:57:26,154.363,0.0,0.0
09:57:26,152.684,0.0,0.0
09:57:26,117.229,0.0,0.0
09:57:26,177.579,0.0,0.0
09:57:26,115.444,0.0,0.0
09:57:26,155.093,0.0,0.0
09:57:26,153.027,0.0,0.0
09:57:26,115.565,0.0,0.0
09:57:26,176.289,0.0,0.0
09:57:26,111.403,0.0,0.0
09:57:26,146.688,0.0,0.0
09:57:26,139.786,0.0,0.0
09:57:26,103.74,0.0,0.0
09:57:26,175.609,0.0,0.0
09:57:26,119.099,0.0,0.0
09:57:26,164.409,0.0,0.0
09:57:26,160.066,0.0,0.0
09:57:26,116.998,0.0,0.0
09:57:26,176.772,0.0,0.0
09:57:26,112.466,0.0,0.0
09:57:26,152.275,0.0,0.0
09:57:26,150.763,0.0,0.0
09:57:26,113.231,0.0,0.0
09:57:26,175.749,0.0,0.0
09:57:26,112.474,0.0,0.0
09:57:26,153.113,0.0,0.0
09:57:26,151.118,0.0,0.0
09:57:26,114.041,0.0,0.0
09:57:26,178.004,0.0,0.0
09:57:26,114.241,0.0,0.0
09:57:26,154.709,0.0,0.0
09:57:26,150.876,0.0,0.0
09:57:26,110.064,0.0,0.0
09:57:26,172.957,0.0,0.0
09:57:26,108.254,0.0,0.0
09:57:26,148.971,0.0,0.0
09:57:26,147.755,0.0,0.0
09:57:26,108.045,0.0,0.0
09:57:26,171.507,0.0,0.0
09:57:26,103.92,0.0,0.0
09:57:26,144.346,0.0,0.0
09:57:26,144.496,0.0,0.0
09:57:26,97.904,0.0,0.0
09:57:26,171.336,0.0,0.0
09:57:26,106.468,0.0,0.0
09:57:26,140.056,0.0,0.0
09:57:26,154.999,0.0,0.0
09:57:26,100.544,0.0,0.0
09:57:26,177.871,0.0,0.0
09:57:26,111.689,0.0,0.0
09:57:26,144.775,0.0,0.0
09:57:26,162.412,0.0,0.0
09:57:26,102.968,0.0,0.0
09:57:26,182.616,0.0,0.0
09:57:26,114.844,0.0,0.0
09:57:26,145.673,0.0,0.0
09:57:26,164.531,0.0,0.0
09:57:26,103.579,0.0,0.0
09:57:26,183.706,0.0,0.0
09:57:26,115.648,0.0,0.0
09:57:26,145.633,0.0,0.0
09:57:26,164.341,0.0,0.0
09:57:26,102.828,0.0,0.0
09:57:26,182.834,0.0,0.0
09:57:26,114.993,0.0,0.0
09:57:26,145.48,0.0,0.0
09:57:26,164.323,0.0,0.0
09:57:26,103.065,0.0,0.0
09:57:26,183.504,0.0,0.0
09:57:26,115.434,0.0,0.0
09:57:26,146.154,0.0,0.0
09:57:26,165.04,0.0,0.0
09:57:26,103.955,0.0,0.0
09:57:26,184.558,0.0,0.0
09:57:26,115.959,0.0,0.0
09:57:26,146.378,0.0,0.0
09:57:26,164.979,0.0,0.0
09:57:26,103.641,0.0,0.0
09:57:26,183.801,0.0,0.0
09:57:26,115.508,0.0,0.0
09:57:26,146.214,0.0,0.0
09:57:26,164.771,0.0,0.0
09:57:26,103.93,0.0,0.0
09:57:26,183.913,0.0,0.0
09:57:26,115.259,0.0,0.0
09:57:26,146.023,0.0,0.0
09:57:26,163.776,0.0,0.0
09:57:26,102.306,0.0,0.0
09:57:26,182.867,0.0,0.0
09:57:26,114.378,0.0,0.0
09:57:26,145.429,0.0,0.0
09:57:26,164.305,0.0,0.0
09:57:26,103.768,0.0,0.0
09:57:26,184.41,0.0,0.0
09:57:26,116.031,0.0,0.0
09:57:26,147.47,0.0,0.0
09:57:26,165.542,0.0,0.0
09:57:26,104.568,0.0,0.0
09:57:26,184.899,0.0,0.0
09:57:26,115.799,0.0,0.0
09:57:26,147.194,0.0,0.0
09:57:26,163.39,0.0,0.0
09:57:26,99.321,0.0,0.0
09:57:26,175.604,0.0,0.0
09:57:26,107.08,0.0,0.0
09:57:26,146.249,0.0,0.0
09:57:26,169.489,0.0,0.0
09:57:26,114.394,0.0,0.0
09:57:26,193.198,0.0,0.0
09:57:26,119.189,0.0,0.0
09:57:26,147.942,0.0,0.0
09:57:26,164.111,0.0,0.0
09:57:26,102.878,0.0,0.0
09:57:26,182.813,0.0,0.0
09:57:26,113.114,0.0,0.0
09:57:26,144.666,0.0,0.0
09:57:26,162.243,0.0,0.0
09:57:26,101.43,0.0,0.0
09:57:26,181.491,0.0,0.0
09:57:26,112.211,0.0,0.0
09:57:26,143.99,0.0,0.0
09:57:26,160.931,0.0,0.0
09:57:26,100.256,0.0,0.0
09:57:26,180.162,0.0,0.0
09:57:26,110.356,0.0,0.0
09:57:26,141.786,0.0,0.0
09:57:27,158.419,0.0,0.0
09:57:27,97.594,0.0,0.0
09:57:27,177.169,0.0,0.0
09:57:27,107.009,0.0,0.0
09:57:27,138.496,0.0,0.0
09:57:27,154.88,0.0,0.0
09:57:27,93.863,0.0,0.0
09:57:27,174.014,0.0,0.0
09:57:27,104.426,0.0,0.0
09:57:27,136.825,0.0,0.0
09:57:27,154.206,0.0,0.0
09:57:27,95.263,0.0,0.0
09:57:27,176.757,0.0,0.0
09:57:27,108.306,0.0,0.0
09:57:27,142.313,0.0,0.0
09:57:27,160.125,0.0,0.0
09:57:27,100.964,0.0,0.0
09:57:27,182.349,0.0,0.0
09:57:27,113.159,0.0,0.0
09:57:27,146.386,0.0,0.0
09:57:27,163.314,0.0,0.0
09:57:27,103.304,0.0,0.0
09:57:27,183.688,0.0,0.0
09:57:27,113.678,0.0,0.0
09:57:27,146.655,0.0,0.0
09:57:27,162.941,0.0,0.0
09:57:27,102.903,0.0,0.0
09:57:27,183.463,0.0,0.0
09:57:27,113.175,0.0,0.0
09:57:27,146.534,0.0,0.0
09:57:27,163.01,0.0,0.0
09:57:27,102.574,0.0,0.0
09:57:27,183.222,0.0,0.0
09:57:27,113.055,0.0,0.0
09:57:27,146.409,0.0,0.0
09:57:27,162.579,0.0,0.0
09:57:27,102.338,0.0,0.0
09:57:27,183.247,0.0,0.0
09:57:27,112.769,0.0,0.0
09:57:27,146.509,0.0,0.0
09:57:27,162.785,0.0,0.0
09:57:27,102.721,0.0,0.0
09:57:27,183.644,0.0,0.0
09:57:27,113.129,0.0,0.0
09:57:27,146.958,0.0,0.0
09:57:27,163.196,0.0,0.0
09:57:27,103.152,0.0,0.0
09:57:27,184.398,0.0,0.0
09:57:27,113.293,0.0,0.0
09:57:27,146.695,0.0,0.0
09:57:27,162.217,0.0,0.0
09:57:27,102.173,0.0,0.0
09:57:27,182.784,0.0,0.0
09:57:27,111.319,0.0,0.0
09:57:27,145.668,0.0,0.0
09:57:27,161.799,0.0,0.0
09:57:27,101.912,0.0,0.0
09:57:27,183.528,0.0,0.0
09:57:27,113.208,0.0,0.0
09:57:27,147.918,0.0,0.0
09:57:27,163.936,0.0,0.0
09:57:27,104.111,0.0,0.0
09:57:27,185.417,0.0,0.0
09:57:27,114.667,0.0,0.0
09:57:27,149.194,0.0,0.0
09:57:27,164.503,0.0,0.0
09:57:27,104.341,0.0,0.0
09:57:27,183.438,0.0,0.0
09:57:27,108.183,0.0,0.0
09:57:27,138.546,0.0,0.0
09:57:27,156.789,0.0,0.0
09:57:27,105.428,0.0,0.0
09:57:27,192.675,0.0,0.0
09:57:27,125.442,0.0,0.0
09:57:27,156.779,0.0,0.0
09:57:27,166.332,0.0,0.0
09:57:27,104.012,0.0,0.0
09:57:27,184.578,0.0,0.0
09:57:27,111.622,0.0,0.0
09:57:27,146.891,0.0,0.0
09:57:27,161.511,0.0,0.0
09:57:27,101.189,0.0,0.0
09:57:27,183.171,0.0,0.0
09:57:27,110.216,0.0,0.0
09:57:27,145.788,0.0,0.0
09:57:27,160.179,0.0,0.0
09:57:27,99.598,0.0,0.0
09:57:27,181.604,0.0,0.0
09:57:27,108.346,0.0,0.0
09:57:27,144.061,0.0,0.0
09:57:27,158.081,0.0,0.0
09:57:27,97.324,0.0,0.0
09:57:27,179.438,0.0,0.0
09:57:27,105.662,0.0,0.0
09:57:27,140.946,0.0,0.0
09:57:27,154.498,0.0,0.0
09:57:27,93.523,0.0,0.0
09:57:27,175.205,0.0,0.0
09:57:27,100.766,0.0,0.0
09:57:27,136.842,0.0,0.0
09:57:27,151.521,0.0,0.0
09:57:27,91.744,0.0,0.0
09:57:27,175.06,0.0,0.0
09:57:27,102.822,0.0,0.0
09:57:27,140.696,0.0,0.0
09:57:27,156.416,0.0,0.0
09:57:27,97.923,0.0,0.0
09:57:27,181.638,0.0,0.0
09:57:27,108.916,0.0,0.0
09:57:27,146.314,0.0,0.0
09:57:27,160.615,0.0,0.0
09:57:27,100.698,0.0,0.0
09:57:27,182.666,0.0,0.0
09:57:27,108.858,0.0,0.0
09:57:27,146.04,0.0,0.0
09:57:27,159.565,0.0,0.0
09:57:27,100.193,0.0,0.0
09:57:27,182.527,0.0,0.0
09:57:27,109.03,0.0,0.0
09:57:27,146.026,0.0,0.0
09:57:27,158.983,0.0,0.0
09:57:27,99.569,0.0,0.0
09:57:27,181.633,0.0,0.0
09:57:27,107.975,0.0,0.0
09:57:28,145.73,0.0,0.0
09:57:28,158.765,0.0,0.0
09:57:28,99.902,0.0,0.0
09:57:28,181.989,0.0,0.0
09:57:28,108.649,0.0,0.0
09:57:28,146.603,0.0,0.0
09:57:28,159.755,0.0,0.0
09:57:28,101.456,0.0,0.0
09:57:28,183.294,0.0,0.0
09:57:28,109.969,0.0,0.0
09:57:28,147.858,0.0,0.0
09:57:28,160.365,0.0,0.0
09:57:28,102.255,0.0,0.0
09:57:28,184.016,0.0,0.0
09:57:28,110.636,0.0,0.0
09:57:28,148.794,0.0,0.0
09:57:28,161.279,0.0,0.0
09:57:28,103.484,0.0,0.0
09:57:28,185.004,0.0,0.0
09:57:28,111.594,0.0,0.0
09:57:28,149.209,0.0,0.0
09:57:28,160.289,0.0,0.0
09:57:28,102.253,0.0,0.0
09:57:28,183.681,0.0,0.0
09:57:28,109.948,0.0,0.0
09:57:28,147.629,0.0,0.0
09:57:28,159.456,0.0,0.0
09:57:28,102.093,0.0,0.0
09:57:28,183.426,0.0,0.0
09:57:28,110.297,0.0,0.0
09:57:28,149.648,0.0,0.0
09:57:28,161.541,0.0,0.0
09:57:28,104.6,0.0,0.0
09:57:28,186.184,0.0,0.0
09:57:28,112.483,0.0,0.0
09:57:28,151.158,0.0,0.0
09:57:28,162.605,0.0,0.0
09:57:28,105.311,0.0,0.0
09:57:28,186.334,0.0,0.0
09:57:28,110.816,0.0,0.0
09:57:28,145.352,0.0,0.0
09:57:28,150.296,0.0,0.0
09:57:28,94.431,0.0,0.0
09:57:28,185.908,0.0,0.0
09:57:28,119.335,0.0,0.0
09:57:28,164.981,0.0,0.0
09:57:28,173.012,0.0,0.0
09:57:28,108.861,0.0,0.0
09:57:28,186.523,0.0,0.0
09:57:28,110.994,0.0,0.0
09:57:28,149.345,0.0,0.0
09:57:28,159.824,0.0,0.0
09:57:28,102.665,0.0,0.0
09:57:28,183.283,0.0,0.0
09:57:28,109.104,0.0,0.0
09:57:28,148.468,0.0,0.0
09:57:28,158.748,0.0,0.0
09:57:28,101.621,0.0,0.0
09:57:28,182.344,0.0,0.0
09:57:28,108.242,0.0,0.0
09:57:28,147.529,0.0,0.0
09:57:28,157.505,0.0,0.0
09:57:28,100.959,0.0,0.0
09:57:28,181.394,0.0,0.0
09:57:28,106.373,0.0,0.0
09:57:28,145.643,0.0,0.0
09:57:28,155.12,0.0,0.0
09:57:28,97.687,0.0,0.0
09:57:28,177.716,0.0,0.0
09:57:28,102.435,0.0,0.0
09:57:28,141.559,0.0,0.0
09:57:28,150.934,0.0,0.0
09:57:28,94.084,0.0,0.0
09:57:28,175.271,0.0,0.0
09:57:28,101.307,0.0,0.0
09:57:28,142.277,0.0,0.0
09:57:28,153.33,0.0,0.0
09:57:28,98.457,0.0,0.0
09:57:28,180.873,0.0,0.0
09:57:28,107.378,0.0,0.0
09:57:28,148.681,0.0,0.0
09:57:28,158.969,0.0,0.0
09:57:28,103.386,0.0,0.0
09:57:28,184.908,0.0,0.0
09:57:28,110.256,0.0,0.0
09:57:28,150.644,0.0,0.0
09:57:28,160.178,0.0,0.0
09:57:28,103.969,0.0,0.0
09:57:28,184.931,0.0,0.0
09:57:28,109.891,0.0,0.0
09:57:28,150.254,0.0,0.0
09:57:28,159.143,0.0,0.0
09:57:28,103.283,0.0,0.0
09:57:28,184.525,0.0,0.0
09:57:28,109.768,0.0,0.0
09:57:28,150.644,0.0,0.0
09:57:28,159.641,0.0,0.0
09:57:28,103.521,0.0,0.0
09:57:28,183.955,0.0,0.0
09:57:28,108.784,0.0,0.0
09:57:28,149.493,0.0,0.0
09:57:28,158.244,0.0,0.0
09:57:28,102.999,0.0,0.0
09:57:28,184.167,0.0,0.0
09:57:28,109.278,0.0,0.0
09:57:28,150.432,0.0,0.0
09:57:28,159.192,0.0,0.0
09:57:28,103.898,0.0,0.0
09:57:28,184.766,0.0,0.0
09:57:28,109.707,0.0,0.0
09:57:28,150.908,0.0,0.0
09:57:28,159.375,0.0,0.0
09:57:28,104.472,0.0,0.0
09:57:28,185.271,0.0,0.0
09:57:28,110.039,0.0,0.0
09:57:28,151.342,0.0,0.0
09:57:28,159.624,0.0,0.0
09:57:28,104.739,0.0,0.0
09:57:28,185.109,0.0,0.0
09:57:28,109.902,0.0,0.0
09:57:28,151.743,0.0,0.0
09:57:28,159.776,0.0,0.0
09:57:28,104.788,0.0,0.0
09:57:28,185.168,0.0,0.0
09:57:28,109.393,0.0,0.0
09:57:29,150.812,0.0,0.0
09:57:29,158.608,0.0,0.0
09:57:29,103.079,0.0,0.0
09:57:29,183.098,0.0,0.0
09:57:29,107.737,0.0,0.0
09:57:29,149.759,0.0,0.0
09:57:29,157.387,0.0,0.0
09:57:29,103.073,0.0,0.0
09:57:29,184.34,0.0,0.0
09:57:29,109.334,0.0,0.0
09:57:29,151.773,0.0,0.0
09:57:29,159.498,0.0,0.0
09:57:29,105.154,0.0,0.0
09:57:29,185.571,0.0,0.0
09:57:29,110.192,0.0,0.0
09:57:29,152.46,0.0,0.0
09:57:29,159.319,0.0,0.0
09:57:29,102.419,0.0,0.0
09:57:29,177.58,0.0,0.0
09:57:29,95.639,0.0,0.0
09:57:29,142.312,0.0,0.0
09:57:29,160.384,0.0,0.0
09:57:29,114.233,0.0,0.0
09:57:29,201.679,0.0,0.0
09:57:29,121.167,0.0,0.0
09:57:29,156.35,0.0,0.0
09:57:29,159.808,0.0,0.0
09:57:29,104.281,0.0,0.0
09:57:29,183.423,0.0,0.0
09:57:29,107.092,0.0,0.0
09:57:29,149.194,0.0,0.0
09:57:29,155.486,0.0,0.0
09:57:29,101.463,0.0,0.0
09:57:29,181.311,0.0,0.0
09:57:29,105.343,0.0,0.0
09:57:29,147.766,0.0,0.0
09:57:29,153.651,0.0,0.0
09:57:29,99.321,0.0,0.0
09:57:29,178.684,0.0,0.0
09:57:29,102.593,0.0,0.0
09:57:29,145.134,0.0,0.0
09:57:29,150.663,0.0,0.0
09:57:29,96.484,0.0,0.0
09:57:29,175.476,0.0,0.0
09:57:29,98.495,0.0,0.0
09:57:29,140.527,0.0,0.0
09:57:29,145.862,0.0,0.0
09:57:29,91.67,0.0,0.0
09:57:29,171.023,0.0,0.0
09:57:29,95.031,0.0,0.0
09:57:29,137.713,0.0,0.0
09:57:29,143.356,0.0,0.0
09:57:29,90.711,0.0,0.0
09:57:29,171.038,0.0,0.0
09:57:29,95.972,0.0,0.0
09:57:29,140.87,0.0,0.0
09:57:29,147.906,0.0,0.0
09:57:29,96.146,0.0,0.0
09:57:29,177.088,0.0,0.0
09:57:29,101.876,0.0,0.0
09:57:29,146.024,0.0,0.0
09:57:29,151.686,0.0,0.0
09:57:29,98.826,0.0,0.0
09:57:29,178.318,0.0,0.0
09:57:29,101.694,0.0,0.0
09:57:29,145.151,0.0,0.0
09:57:29,150.078,0.0,0.0
09:57:29,96.713,0.0,0.0
09:57:29,175.906,0.0,0.0
09:57:29,98.788,0.0,0.0
09:57:29,142.176,0.0,0.0
09:57:29,146.652,0.0,0.0
09:57:29,93.393,0.0,0.0
09:57:29,173.058,0.0,0.0
09:57:29,96.573,0.0,0.0
09:57:29,141.098,0.0,0.0
09:57:29,146.466,0.0,0.0
09:57:29,94.872,0.0,0.0
09:57:29,176.156,0.0,0.0
09:57:29,101.034,0.0,0.0
09:57:29,145.989,0.0,0.0
09:57:29,151.851,0.0,0.0
09:57:29,100.869,0.0,0.0
09:57:29,180.813,0.0,0.0
09:57:29,104.893,0.0,0.0
09:57:29,149.963,0.0,0.0
09:57:29,155.065,0.0,0.0
09:57:29,103.147,0.0,0.0
09:57:29,181.214,0.0,0.0
09:57:29,103.951,0.0,0.0
09:57:29,148.441,0.0,0.0
09:57:29,152.754,0.0,0.0
09:57:29,102.246,0.0,0.0
09:57:29,181.716,0.0,0.0
09:57:29,105.701,0.0,0.0
09:57:29,150.666,0.0,0.0
09:57:29,154.548,0.0,0.0
09:57:29,104.098,0.0,0.0
09:57:29,182.704,0.0,0.0
09:57:29,107.132,0.0,0.0
09:57:29,152.266,0.0,0.0
09:57:29,155.348,0.0,0.0
09:57:29,105.019,0.0,0.0
09:57:29,182.926,0.0,0.0
09:57:29,106.921,0.0,0.0
09:57:29,151.664,0.0,0.0
09:57:29,154.111,0.0,0.0
09:57:29,103.611,0.0,0.0
09:57:29,180.976,0.0,0.0
09:57:29,104.525,0.0,0.0
09:57:29,149.182,0.0,0.0
09:57:29,151.74,0.0,0.0
09:57:29,101.139,0.0,0.0
09:57:29,178.163,0.0,0.0
09:57:29,102.465,0.0,0.0
09:57:29,148.097,0.0,0.0
09:57:29,150.576,0.0,0.0
09:57:29,101.138,0.0,0.0
09:57:29,179.84,0.0,0.0
09:57:29,104.586,0.0,0.0
09:57:29,150.756,0.0,0.0
09:57:29,153.708,0.0,0.0
09:57:29,104.499,0.0,0.0
09:57:29,182.501,0.0,0.0
09:57:29,106.875,0.0,0.0
09:57:30,152.684,0.0,0.0
09:57:30,154.698,0.0,0.0
09:57:30,103.478,0.0,0.0
09:57:30,176.996,0.0,0.0
09:57:30,94.308,0.0,0.0
09:57:30,140.109,0.0,0.0
09:57:30,154.574,0.0,0.0
09:57:30,114.272,0.0,0.0
09:57:30,201.616,0.0,0.0
09:57:30,125.114,0.0,0.0
09:57:30,162.854,0.0,0.0
09:57:30,159.89,0.0,0.0
09:57:30,108.505,0.0,0.0
09:57:30,184.727,0.0,0.0
09:57:30,108.205,0.0,0.0
09:57:30,153.779,0.0,0.0
09:57:30,154.954,0.0,0.0
09:57:30,105.906,0.0,0.0
09:57:30,182.916,0.0,0.0
09:57:30,106.22,0.0,0.0
09:57:30,152.392,0.0,0.0
09:57:30,153.34,0.0,0.0
09:57:30,104.079,0.0,0.0
09:57:30,181.041,0.0,0.0
09:57:30,103.979,0.0,0.0
09:57:30,149.776,0.0,0.0
09:57:30,150.213,0.0,0.0
09:57:30,100.579,0.0,0.0
09:57:30,177.043,0.0,0.0
09:57:30,99.115,0.0,0.0
09:57:30,143.662,0.0,0.0
09:57:30,143.751,0.0,0.0
09:57:30,94.711,0.0,0.0
09:57:30,172.196,0.0,0.0
09:57:30,96.738,0.0,0.0
09:57:30,143.83,0.0,0.0
09:57:30,145.442,0.0,0.0
09:57:30,98.121,0.0,0.0
09:57:30,176.588,0.0,0.0
09:57:30,102.159,0.0,0.0
09:57:30,151.644,0.0,0.0
09:57:30,154.591,0.0,0.0
09:57:30,107.711,0.0,0.0
09:57:30,186.156,0.0,0.0
09:57:30,110.315,0.0,0.0
09:57:30,158.096,0.0,0.0
09:57:30,159.275,0.0,0.0
09:57:30,111.259,0.0,0.0
09:57:30,188.971,0.0,0.0
09:57:30,112.184,0.0,0.0
09:57:30,159.787,0.0,0.0
09:57:30,160.575,0.0,0.0
09:57:30,111.523,0.0,0.0
09:57:30,188.758,0.0,0.0
09:57:30,111.951,0.0,0.0
09:57:30,159.552,0.0,0.0
09:57:30,160.212,0.0,0.0
09:57:30,111.641,0.0,0.0
09:57:30,190.593,0.0,0.0
09:57:30,115.121,0.0,0.0
09:57:30,163.608,0.0,0.0
09:57:30,163.513,0.0,0.0
09:57:30,113.839,0.0,0.0
09:57:30,190.063,0.0,0.0
09:57:30,111.263,0.0,0.0
09:57:30,157.635,0.0,0.0
09:57:30,156.069,0.0,0.0
09:57:30,106.895,0.0,0.0
09:57:30,184.064,0.0,0.0
09:57:30,105.353,0.0,0.0
09:57:30,151.664,0.0,0.0
09:57:30,149.418,0.0,0.0
09:57:30,97.997,0.0,0.0
09:57:30,168.954,0.0,0.0
09:57:30,89.597,0.0,0.0
09:57:30,139.739,0.0,0.0
09:57:30,143.073,0.0,0.0
09:57:30,99.853,0.0,0.0
09:57:30,178.278,0.0,0.0
09:57:30,100.899,0.0,0.0
09:57:30,143.65,0.0,0.0
09:57:30,138.312,0.0,0.0
09:57:30,102.703,0.0,0.0
09:57:30,188.476,0.0,0.0
09:57:30,111.763,0.0,0.0
09:57:30,158.393,0.0,0.0
09:57:30,152.473,0.0,0.0
09:57:30,97.399,0.0,0.0
09:57:30,177.854,0.0,0.0
09:57:30,104.786,0.0,0.0
09:57:30,153.447,0.0,0.0
09:57:30,153.167,0.0,0.0
09:57:30,105.426,0.0,0.0
09:57:30,184.552,0.0,0.0
09:57:30,107.461,0.0,0.0
09:57:30,158.49,0.0,0.0
09:57:30,158.239,0.0,0.0
09:57:30,108.448,0.0,0.0
09:57:30,187.653,0.0,0.0
09:57:30,109.083,0.0,0.0
09:57:30,158.308,0.0,0.0
09:57:30,157.127,0.0,0.0
09:57:30,108.286,0.0,0.0
09:57:30,186.775,0.0,0.0
09:57:30,108.538,0.0,0.0
09:57:30,157.903,0.0,0.0
09:57:30,156.181,0.0,0.0
09:57:30,107.488,0.0,0.0
09:57:30,185.367,0.0,0.0
09:57:30,105.797,0.0,0.0
09:57:30,152.809,0.0,0.0
09:57:30,148.045,0.0,0.0
09:57:30,96.678,0.0,0.0
09:57:30,179.816,0.0,0.0
09:57:30,110.948,0.0,0.0
09:57:30,167.688,0.0,0.0
09:57:30,171.427,0.0,0.0
09:57:30,118.748,0.0,0.0
09:57:30,191.148,0.0,0.0
09:57:30,110.624,0.0,0.0
09:57:30,159.335,0.0,0.0
09:57:30,156.895,0.0,0.0
09:57:30,108.896,0.0,0.0
09:57:30,187.034,0.0,0.0
09:57:30,108.061,0.0,0.0
09:57:31,158.791,0.0,0.0
09:57:31,156.693,0.0,0.0
09:57:31,107.92,0.0,0.0
09:57:31,184.914,0.0,0.0
09:57:31,104.637,0.0,0.0
09:57:31,153.243,0.0,0.0
09:57:31,151.46,0.0,0.0
09:57:31,104.326,0.0,0.0
09:57:31,181.996,0.0,0.0
09:57:31,102.873,0.0,0.0
09:57:31,153.175,0.0,0.0
09:57:31,150.105,0.0,0.0
09:57:31,102.98,0.0,0.0
09:57:31,179.588,0.0,0.0
09:57:31,100.741,0.0,0.0
09:57:31,150.809,0.0,0.0
09:57:31,147.798,0.0,0.0
09:57:31,102.246,0.0,0.0
09:57:31,178.353,0.0,0.0
09:57:31,101.368,0.0,0.0
09:57:31,153.072,0.0,0.0
09:57:31,150.946,0.0,0.0
09:57:31,106.949,0.0,0.0
09:57:31,184.145,0.0,0.0
09:57:31,106.799,0.0,0.0
09:57:31,158.735,0.0,0.0
09:57:31,155.183,0.0,0.0
09:57:31,110.409,0.0,0.0
09:57:31,189.717,0.0,0.0
09:57:31,112.176,0.0,0.0
09:57:31,163.215,0.0,0.0
09:57:31,159.281,0.0,0.0
09:57:31,114.971,0.0,0.0
09:57:31,192.665,0.0,0.0
09:57:31,113.573,0.0,0.0
09:57:31,165.691,0.0,0.0
09:57:31,166.281,0.0,0.0
09:57:31,124.222,0.0,0.0
09:57:31,201.455,0.0,0.0
09:57:31,121.197,0.0,0.0
09:57:31,170.657,0.0,0.0
09:57:31,162.439,0.0,0.0
09:57:31,114.626,0.0,0.0
09:57:31,191.705,0.0,0.0
09:57:31,114.272,0.0,0.0
09:57:31,165.728,0.0,0.0
09:57:31,159.093,0.0,0.0
09:57:31,112.058,0.0,0.0
09:57:31,189.113,0.0,0.0
09:57:31,109.318,0.0,0.0
09:57:31,161.273,0.0,0.0
09:57:31,158.314,0.0,0.0
09:57:31,114.027,0.0,0.0
09:57:31,189.704,0.0,0.0
09:57:31,111.688,0.0,0.0
09:57:31,163.587,0.0,0.0
09:57:31,160.097,0.0,0.0
09:57:31,112.531,0.0,0.0
09:57:31,186.941,0.0,0.0
09:57:31,108.812,0.0,0.0
09:57:31,161.086,0.0,0.0
09:57:31,156.664,0.0,0.0
09:57:31,110.353,0.0,0.0
09:57:31,187.685,0.0,0.0
09:57:31,108.161,0.0,0.0
09:57:31,159.435,0.0,0.0
09:57:31,154.386,0.0,0.0
09:57:31,107.977,0.0,0.0
09:57:31,186.39,0.0,0.0
09:57:31,104.572,0.0,0.0
09:57:31,155.199,0.0,0.0
09:57:31,151.401,0.0,0.0
09:57:31,106.039,0.0,0.0
09:57:31,184.142,0.0,0.0
09:57:31,103.196,0.0,0.0
09:57:31,158.411,0.0,0.0
09:57:31,156.66,0.0,0.0
09:57:31,111.042,0.0,0.0
09:57:31,191.157,0.0,0.0
09:57:31,111.695,0.0,0.0
09:57:31,166.263,0.0,0.0
09:57:31,161.169,0.0,0.0
09:57:31,114.298,0.0,0.0
09:57:31,195.57,0.0,0.0
09:57:31,113.034,0.0,0.0
09:57:31,160.636,0.0,0.0
09:57:31,151.789,0.0,0.0
09:57:31,105.816,0.0,0.0
09:57:31,193.256,0.0,0.0
09:57:31,116.296,0.0,0.0
09:57:31,175.237,0.0,0.0
09:57:31,165.943,0.0,0.0
09:57:31,110.148,0.0,0.0
09:57:31,185.541,0.0,0.0
09:57:31,98.017,0.0,0.0
09:57:31,150.513,0.0,0.0
09:57:31,146.196,0.0,0.0
09:57:31,101.66,0.0,0.0
09:57:31,187.988,0.0,0.0
09:57:31,107.826,0.0,0.0
09:57:31,164.081,0.0,0.0
09:57:31,158.949,0.0,0.0
09:57:31,109.229,0.0,0.0
09:57:31,190.185,0.0,0.0
09:57:31,101.886,0.0,0.0
09:57:31,152.011,0.0,0.0
09:57:31,142.744,0.0,0.0
09:57:31,92.175,0.0,0.0
09:57:31,173.63,0.0,0.0
09:57:31,83.791,0.0,0.0
09:57:31,139.435,0.0,0.0
09:57:31,133.854,0.0,0.0
09:57:31,82.599,0.0,0.0
09:57:31,170.474,0.0,0.0
09:57:31,81.073,0.0,0.0
09:57:31,136.084,0.0,0.0
09:57:31,133.363,0.0,0.0
09:57:31,76.056,0.0,0.0
09:57:31,164.425,0.0,0.0
09:57:31,72.111,0.0,0.0
09:57:31,124.091,0.0,0.0
09:57:31,123.328,0.0,0.0
09:57:31,66.213,0.0,0.0
09:57:31,154.729,0.0,0.0
09:57:31,60.714,0.0,0.0
09:57:32,112.921,0.0,0.0
09:57:32,111.906,0.0,0.0
09:57:32,56.023,0.0,0.0
09:57:32,138.408,0.0,0.0
09:57:32,48.322,0.0,0.0
09:57:32,96.871,0.0,0.0
09:57:32,81.609,0.0,0.0
09:57:32,23.583,0.0,0.0
09:57:32,99.618,0.0,0.0
09:57:32,15.228,0.0,0.0
09:57:32,72.41,0.0,0.0
09:57:32,73.217,0.0,0.0
09:57:32,18.174,0.0,0.0
09:57:32,91.192,0.0,0.0
09:57:32,13.412,0.0,0.0
09:57:32,68.811,0.0,0.0
09:57:32,65.714,0.0,0.0
09:57:32,27.03,0.0,0.0
09:57:32,107.306,0.0,0.0
09:57:32,28.849,0.0,0.0
09:57:32,84.378,0.0,0.0
09:57:32,88.321,0.0,0.0
09:57:32,52.624,0.0,0.0
09:57:32,124.718,0.0,0.0
09:57:32,55.306,0.0,0.0
09:57:32,111.351,0.0,0.0
09:57:32,110.281,0.0,0.0
09:57:32,80.908,0.0,0.0
09:57:32,147.649,0.0,0.0
09:57:32,81.357,0.0,0.0
09:57:32,138.365,0.0,0.0
09:57:32,132.959,0.0,0.0
09:57:32,106.158,0.0,0.0
09:57:32,175.61,0.0,0.0
09:57:32,109.542,0.0,0.0
09:57:32,158.283,0.0,0.0
09:57:32,146.68,0.0,0.0
09:57:32,116.104,0.0,0.0
09:57:32,176.576,0.0,0.0
09:57:32,105.816,0.0,0.0
09:57:32,154.611,0.0,0.0
09:57:32,143.845,0.0,0.0
09:57:32,108.85,0.0,0.0
09:57:32,168.208,0.0,0.0
09:57:32,99.497,0.0,0.0
09:57:32,151.088,0.0,0.0
09:57:32,139.55,0.0,0.0
09:57:32,106.698,0.0,0.0
09:57:32,171.139,0.0,0.0
09:57:32,105.873,0.0,0.0
09:57:32,162.606,0.0,0.0
09:57:32,153.114,0.0,0.0
09:57:32,119.664,0.0,0.0
09:57:32,182.731,0.0,0.0
09:57:32,109.308,0.0,0.0
09:57:32,161.523,0.0,0.0
09:57:32,149.008,0.0,0.0
09:57:32,112.616,0.0,0.0
09:57:32,179.802,0.0,0.0
09:57:32,105.34,0.0,0.0
09:57:32,156.939,0.0,0.0
09:57:32,142.286,0.0,0.0
09:57:32,103.149,0.0,0.0
09:57:32,172.479,0.0,0.0
09:57:32,102.107,0.0,0.0
09:57:32,153.002,0.0,0.0
09:57:32,134.328,0.0,0.0
09:57:32,101.991,0.0,0.0
09:57:32,172.172,0.0,0.0
09:57:32,102.048,0.0,0.0
09:57:32,167.137,0.0,0.0
09:57:32,152.543,0.0,0.0
09:57:32,113.018,0.0,0.0
09:57:32,172.786,0.0,0.0
09:57:32,96.988,0.0,0.0
09:57:32,150.271,0.0,0.0
09:57:32,139.172,0.0,0.0
09:57:32,107.284,0.0,0.0
09:57:32,170.274,0.0,0.0
09:57:32,96.941,0.0,0.0
09:57:32,149.518,0.0,0.0
09:57:32,130.667,0.0,0.0
09:57:32,92.472,0.0,0.0
09:57:32,153.488,0.0,0.0
09:57:32,77.982,0.0,0.0
09:57:32,132.313,0.0,0.0
09:57:32,122.296,0.0,0.0
09:57:32,90.535,0.0,0.0
09:57:32,151.106,0.0,0.0
09:57:32,87.542,0.0,0.0
09:57:32,144.126,0.0,0.0
09:57:32,123.929,0.0,0.0
09:57:32,87.213,0.0,0.0
09:57:32,146.235,0.0,0.0
09:57:32,71.806,0.0,0.0
09:57:32,128.174,0.0,0.0
09:57:32,120.518,0.0,0.0
09:57:32,92.629,0.0,0.0
09:57:32,148.55,0.0,0.0
09:57:32,69.226,0.0,0.0
09:57:32,130.209,0.0,0.0
09:57:32,127.786,0.0,0.0
09:57:32,103.341,0.0,0.0
09:57:32,166.403,0.0,0.0
09:57:32,97.061,0.0,0.0
09:57:32,151.873,0.0,0.0
09:57:32,139.48,0.0,0.0
09:57:32,112.118,0.0,0.0
09:57:32,171.668,0.0,0.0
09:57:32,102.778,0.0,0.0
09:57:32,153.641,0.0,0.0
09:57:32,136.491,0.0,0.0
09:57:32,108.693,0.0,0.0
09:57:32,163.616,0.0,0.0
09:57:32,95.357,0.0,0.0
09:57:32,145.071,0.0,0.0
09:57:32,128.874,0.0,0.0
09:57:32,104.397,0.0,0.0
09:57:32,157.306,0.0,0.0
09:57:32,93.443,0.0,0.0
09:57:32,146.275,0.0,0.0
09:57:32,124.868,0.0,0.0
09:57:32,116.034,0.0,0.0
09:57:32,164.043,0.0,0.0
09:57:32,106.671,0.0,0.0
09:57:32,161.466,0.0,0.0
09:57:33,134.135,0.0,0.0
09:57:33,127.343,0.0,0.0
09:57:33,174.855,0.0,0.0
09:57:33,119.2,0.0,0.0
09:57:33,177.691,0.0,0.0
09:57:33,153.516,0.0,0.0
09:57:33,144.803,0.0,0.0
09:57:33,189.606,0.0,0.0
09:57:33,129.924,0.0,0.0
09:57:33,196.833,0.0,0.0
09:57:33,170.916,0.0,0.0
09:57:33,155.794,0.0,0.0
09:57:33,203.29,0.0,0.0
09:57:33,133.269,0.0,0.0
09:57:33,189.736,0.0,0.0
09:57:33,157.911,0.0,0.0
09:57:33,142.036,0.0,0.0
09:57:33,193.548,0.0,0.0
09:57:33,124.834,0.0,0.0
09:57:33,182.896,0.0,0.0
09:57:33,154.183,0.0,0.0
09:57:33,139.379,0.0,0.0
09:57:33,186.565,0.0,0.0
09:57:33,120.496,0.0,0.0
09:57:33,174.839,0.0,0.0
09:57:33,142.548,0.0,0.0
09:57:33,127.021,0.0,0.0
09:57:33,170.014,0.0,0.0
09:57:33,107.373,0.0,0.0
09:57:33,161.691,0.0,0.0
09:57:33,133.108,0.0,0.0
09:57:33,121.621,0.0,0.0
09:57:33,163.174,0.0,0.0
09:57:33,101.331,0.0,0.0
09:57:33,155.794,0.0,0.0
09:57:33,126.179,0.0,0.0
09:57:33,115.806,0.0,0.0
09:57:33,158.134,0.0,0.0
09:57:33,96.288,0.0,0.0
09:57:33,150.263,0.0,0.0
09:57:33,118.293,0.0,0.0
09:57:33,103.181,0.0,0.0
09:57:33,141.419,0.0,0.0
09:57:33,85.239,0.0,0.0
09:57:33,147.832,0.0,0.0
09:57:33,125.847,0.0,0.0
09:57:33,121.042,0.0,0.0
09:57:33,159.268,0.0,0.0
09:57:33,93.091,0.0,0.0
09:57:33,145.466,0.0,0.0
09:57:33,115.493,0.0,0.0
09:57:33,106.145,0.0,0.0
09:57:33,148.361,0.0,0.0
09:57:33,88.308,0.0,0.0
09:57:33,145.983,0.0,0.0
09:57:33,119.278,0.0,0.0
09:57:33,110.777,0.0,0.0
09:57:33,152.592,0.0,0.0
09:57:33,90.442,0.0,0.0
09:57:33,142.916,0.0,0.0
09:57:33,112.803,0.0,0.0
09:57:33,105.062,0.0,0.0
09:57:33,149.446,0.0,0.0
09:57:33,89.495,0.0,0.0
09:57:33,141.501,0.0,0.0
09:57:33,112.196,0.0,0.0
09:57:33,102.136,0.0,0.0
09:57:33,139.821,0.0,0.0
09:57:33,77.997,0.0,0.0
09:57:33,133.132,0.0,0.0
09:57:33,105.055,0.0,0.0
09:57:33,97.809,0.0,0.0
09:57:33,140.258,0.0,0.0
09:57:33,81.086,0.0,0.0
09:57:33,138.163,0.0,0.0
09:57:33,110.928,0.0,0.0
09:57:33,104.171,0.0,0.0
09:57:33,149.833,0.0,0.0
09:57:33,95.248,0.0,0.0
09:57:33,155.899,0.0,0.0
09:57:33,129.792,0.0,0.0
09:57:33,121.819,0.0,0.0
09:57:33,162.611,0.0,0.0
09:57:33,100.05,0.0,0.0
09:57:33,152.853,0.0,0.0
09:57:33,121.191,0.0,0.0
09:57:33,110.671,0.0,0.0
09:57:33,151.521,0.0,0.0
09:57:33,89.436,0.0,0.0
09:57:33,144.614,0.0,0.0
09:57:33,114.677,0.0,0.0
09:57:33,105.787,0.0,0.0
09:57:33,149.145,0.0,0.0
09:57:33,89.106,0.0,0.0
09:57:33,145.917,0.0,0.0
09:57:33,116.594,0.0,0.0
09:57:33,108.278,0.0,0.0
09:57:33,152.173,0.0,0.0
09:57:33,90.765,0.0,0.0
09:57:33,147.868,0.0,0.0
09:57:33,118.699,0.0,0.0
09:57:33,109.998,0.0,0.0
09:57:33,155.199,0.0,0.0
09:57:33,93.419,0.0,0.0
09:57:33,151.904,0.0,0.0
09:57:33,124.227,0.0,0.0
09:57:33,114.066,0.0,0.0
09:57:33,162.288,0.0,0.0
09:57:33,99.36,0.0,0.0
09:57:33,155.851,0.0,0.0
09:57:33,131.114,0.0,0.0
09:57:33,117.629,0.0,0.0
09:57:33,167.609,0.0,0.0
09:57:33,103.614,0.0,0.0
09:57:33,160.901,0.0,0.0
09:57:33,137.06,0.0,0.0
09:57:33,121.997,0.0,0.0
09:57:33,171.5,0.0,0.0
09:57:33,106.199,0.0,0.0
09:57:33,162.004,0.0,0.0
09:57:33,136.583,0.0,0.0
09:57:33,123.478,0.0,0.0
09:57:33,173.951,0.0,0.0
09:57:33,109.698,0.0,0.0
09:57:34,166.539,0.0,0.0
09:57:34,137.413,0.0,0.0
09:57:34,126.263,0.0,0.0
09:57:34,170.329,0.0,0.0
09:57:34,105.979,0.0,0.0
09:57:34,164.163,0.0,0.0
09:57:34,135.157,0.0,0.0
09:57:34,128.916,0.0,0.0
09:57:34,173.647,0.0,0.0
09:57:34,112.069,0.0,0.0
09:57:34,171.751,0.0,0.0
09:57:34,139.749,0.0,0.0
09:57:34,128.586,0.0,0.0
09:57:34,166.744,0.0,0.0
09:57:34,97.663,0.0,0.0
09:57:34,157.299,0.0,0.0
09:57:34,135.215,0.0,0.0
09:57:34,135.43,0.0,0.0
09:57:34,185.085,0.0,0.0
09:57:34,121.328,0.0,0.0
09:57:34,174.954,0.0,0.0
09:57:34,141.566,0.0,0.0
09:57:34,138.044,0.0,0.0
09:57:34,195.066,0.0,0.0
09:57:34,140.713,0.0,0.0
09:57:34,182.932,0.0,0.0
09:57:34,152.646,0.0,0.0
09:57:34,153.676,0.0,0.0
09:57:34,192.266,0.0,0.0
09:57:34,129.134,0.0,0.0
09:57:34,183.075,0.0,0.0
09:57:34,146.614,0.0,0.0
09:57:34,140.831,0.0,0.0
09:57:34,181.929,0.0,0.0
09:57:34,120.928,0.0,0.0
09:57:34,175.084,0.0,0.0
09:57:34,138.717,0.0,0.0
09:57:34,132.298,0.0,0.0
09:57:34,171.612,0.0,0.0
09:57:34,109.461,0.0,0.0
09:57:34,162.452,0.0,0.0
09:57:34,126.513,0.0,0.0
09:57:34,118.646,0.0,0.0
09:57:34,154.484,0.0,0.0
09:57:34,92.791,0.0,0.0
09:57:34,146.664,0.0,0.0
09:57:34,112.451,0.0,0.0
09:57:34,107.162,0.0,0.0
09:57:34,145.32,0.0,0.0
09:57:34,86.563,0.0,0.0
09:57:34,143.637,0.0,0.0
09:57:34,111.909,0.0,0.0
09:57:34,108.643,0.0,0.0
09:57:34,147.584,0.0,0.0
09:57:34,88.766,0.0,0.0
09:57:34,144.817,0.0,0.0
09:57:34,111.697,0.0,0.0
09:57:34,107.555,0.0,0.0
09:57:34,145.365,0.0,0.0
09:57:34,86.398,0.0,0.0
09:57:34,142.683,0.0,0.0
09:57:34,108.714,0.0,0.0
09:57:34,101.067,0.0,0.0
09:57:34,137.868,0.0,0.0
09:57:34,79.796,0.0,0.0
09:57:34,135.345,0.0,0.0
09:57:34,104.121,0.0,0.0
09:57:34,102.623,0.0,0.0
09:57:34,140.259,0.0,0.0
09:57:34,82.229,0.0,0.0
09:57:34,138.152,0.0,0.0
09:57:34,105.396,0.0,0.0
09:57:34,103.463,0.0,0.0
09:57:34,142.771,0.0,0.0
09:57:34,86.451,0.0,0.0
09:57:34,144.872,0.0,0.0
09:57:34,113.698,0.0,0.0
09:57:34,113.072,0.0,0.0
09:57:34,153.873,0.0,0.0
09:57:34,96.64,0.0,0.0
09:57:34,154.468,0.0,0.0
09:57:34,122.047,0.0,0.0
09:57:34,117.678,0.0,0.0
09:57:34,154.412,0.0,0.0
09:57:34,94.746,0.0,0.0
09:57:34,152.044,0.0,0.0
09:57:34,118.499,0.0,0.0
09:57:34,114.158,0.0,0.0
09:57:34,152.237,0.0,0.0
09:57:34,91.608,0.0,0.0
09:57:34,150.378,0.0,0.0
09:57:34,117.349,0.0,0.0
09:57:34,113.835,0.0,0.0
09:57:34,155.017,0.0,0.0
09:57:34,94.204,0.0,0.0
09:57:34,154.894,0.0,0.0
09:57:34,121.593,0.0,0.0
09:57:34,117.778,0.0,0.0
09:57:34,161.332,0.0,0.0
09:57:34,98.379,0.0,0.0
09:57:34,160.171,0.0,0.0
09:57:34,126.01,0.0,0.0
09:57:34,118.683,0.0,0.0
09:57:34,165.057,0.0,0.0
09:57:34,97.808,0.0,0.0
09:57:34,160.684,0.0,0.0
09:57:34,130.195,0.0,0.0
09:57:34,114.404,0.0,0.0
09:57:34,158.954,0.0,0.0
09:57:34,85.991,0.0,0.0
09:57:34,152.739,0.0,0.0
09:57:34,136.598,0.0,0.0
09:57:34,130.264,0.0,0.0
09:57:34,186.379,0.0,0.0
09:57:34,112.686,0.0,0.0
09:57:34,165.106,0.0,0.0
09:57:34,134.276,0.0,0.0
09:57:34,118.914,0.0,0.0
09:57:34,168.516,0.0,0.0
09:57:34,100.682,0.0,0.0
09:57:34,159.476,0.0,0.0
09:57:34,130.994,0.0,0.0
09:57:34,118.999,0.0,0.0
09:57:34,166.788,0.0,0.0
09:57:34,101.123,0.0,0.0
09:57:35,162.812,0.0,0.0
09:57:35,128.39,0.0,0.0
09:57:35,119.681,0.0,0.0
09:57:35,164.803,0.0,0.0
09:57:35,98.722,0.0,0.0
09:57:35,159.953,0.0,0.0
09:57:35,124.134,0.0,0.0
09:57:35,118.153,0.0,0.0
09:57:35,159.454,0.0,0.0
09:57:35,94.083,0.0,0.0
09:57:35,153.779,0.0,0.0
09:57:35,117.029,0.0,0.0
09:57:35,112.358,0.0,0.0
09:57:35,152.07,0.0,0.0
09:57:35,89.232,0.0,0.0
09:57:35,149.661,0.0,0.0
09:57:35,114.736,0.0,0.0
09:57:35,113.823,0.0,0.0
09:57:35,156.123,0.0,0.0
09:57:35,97.011,0.0,0.0
09:57:35,158.842,0.0,0.0
09:57:35,124.718,0.0,0.0
09:57:35,123.224,0.0,0.0
09:57:35,162.666,0.0,0.0
09:57:35,101.753,0.0,0.0
09:57:35,161.658,0.0,0.0
09:57:35,126.134,0.0,0.0
09:57:35,124.321,0.0,0.0
09:57:35,163.536,0.0,0.0
09:57:35,103.221,0.0,0.0
09:57:35,163.354,0.0,0.0
09:57:35,127.914,0.0,0.0
09:57:35,125.958,0.0,0.0
09:57:35,164.169,0.0,0.0
09:57:35,102.999,0.0,0.0
09:57:35,162.121,0.0,0.0
09:57:35,125.91,0.0,0.0
09:57:35,124.661,0.0,0.0
09:57:35,163.783,0.0,0.0
09:57:35,102.96,0.0,0.0
09:57:35,162.684,0.0,0.0
09:57:35,125.926,0.0,0.0
09:57:35,123.872,0.0,0.0
09:57:35,162.867,0.0,0.0
09:57:35,102.098,0.0,0.0
09:57:35,163.184,0.0,0.0
09:57:35,127.099,0.0,0.0
09:57:35,125.608,0.0,0.0
09:57:35,164.813,0.0,0.0
09:57:35,103.078,0.0,0.0
09:57:35,163.824,0.0,0.0
09:57:35,126.821,0.0,0.0
09:57:35,124.861,0.0,0.0
09:57:35,163.959,0.0,0.0
09:57:35,101.808,0.0,0.0
09:57:35,163.181,0.0,0.0
09:57:35,126.4,0.0,0.0
09:57:35,125.134,0.0,0.0
09:57:35,164.944,0.0,0.0
09:57:35,102.131,0.0,0.0
09:57:35,163.9,0.0,0.0
09:57:35,126.507,0.0,0.0
09:57:35,124.37,0.0,0.0
09:57:35,164.419,0.0,0.0
09:57:35,99.136,0.0,0.0
09:57:35,164.2,0.0,0.0
09:57:35,128.185,0.0,0.0
09:57:35,118.686,0.0,0.0
09:57:35,169.693,0.0,0.0
09:57:35,100.117,0.0,0.0
09:57:35,163.579,0.0,0.0
09:57:35,134.129,0.0,0.0
09:57:35,118.944,0.0,0.0
09:57:35,175.866,0.0,0.0
09:57:35,98.76,0.0,0.0
09:57:35,163.321,0.0,0.0
09:57:35,137.043,0.0,0.0
09:57:35,113.973,0.0,0.0
09:57:35,171.446,0.0,0.0
09:57:35,87.373,0.0,0.0
09:57:35,148.687,0.0,0.0
09:57:35,132.693,0.0,0.0
09:57:35,119.461,0.0,0.0
09:57:35,190.579,0.0,0.0
09:57:35,114.154,0.0,0.0
09:57:35,171.347,0.0,0.0
09:57:35,139.579,0.0,0.0
09:57:35,114.385,0.0,0.0
09:57:35,175.851,0.0,0.0
09:57:35,95.924,0.0,0.0
09:57:35,161.096,0.0,0.0
09:57:35,134.402,0.0,0.0
09:57:35,111.298,0.0,0.0
09:57:35,174.064,0.0,0.0
09:57:35,94.119,0.0,0.0
09:57:35,159.883,0.0,0.0
09:57:35,132.843,0.0,0.0
09:57:35,109.498,0.0,0.0
09:57:35,172.619,0.0,0.0
09:57:35,91.693,0.0,0.0
09:57:35,157.552,0.0,0.0
09:57:35,129.74,0.0,0.0
09:57:35,105.778,0.0,0.0
09:57:35,168.517,0.0,0.0
09:57:35,86.843,0.0,0.0
09:57:35,152.454,0.0,0.0
09:57:35,124.181,0.0,0.0
09:57:35,100.301,0.0,0.0
09:57:35,163.233,0.0,0.0
09:57:35,82.072,0.0,0.0
09:57:35,148.711,0.0,0.0
09:57:35,121.411,0.0,0.0
09:57:35,99.292,0.0,0.0
09:57:35,164.214,0.0,0.0
09:57:35,85.297,0.0,0.0
09:57:35,154.486,0.0,0.0
09:57:35,128.72,0.0,0.0
09:57:35,107.615,0.0,0.0
09:57:35,172.409,0.0,0.0
09:57:35,92.384,0.0,0.0
09:57:35,160.604,0.0,0.0
09:57:35,133.478,0.0,0.0
09:57:35,111.637,0.0,0.0
09:57:35,175.724,0.0,0.0
09:57:35,95.165,0.0,0.0
09:57:36,163.038,0.0,0.0
09:57:36,135.114,0.0,0.0
09:57:36,112.984,0.0,0.0
09:57:36,176.243,0.0,0.0
09:57:36,95.094,0.0,0.0
09:57:36,162.394,0.0,0.0
09:57:36,134.028,0.0,0.0
09:57:36,112.491,0.0,0.0
09:57:36,175.946,0.0,0.0
09:57:36,95.499,0.0,0.0
09:57:36,163.478,0.0,0.0
09:57:36,135.094,0.0,0.0
09:57:36,113.711,0.0,0.0
09:57:36,177.034,0.0,0.0
09:57:36,96.397,0.0,0.0
09:57:36,164.491,0.0,0.0
09:57:36,135.9,0.0,0.0
09:57:36,114.696,0.0,0.0
09:57:36,177.655,0.0,0.0
09:57:36,96.925,0.0,0.0
09:57:36,164.827,0.0,0.0
09:57:36,135.929,0.0,0.0
09:57:36,114.913,0.0,0.0
09:57:36,177.833,0.0,0.0
09:57:36,97.221,0.0,0.0
09:57:36,165.151,0.0,0.0
09:57:36,135.768,0.0,0.0
09:57:36,114.963,0.0,0.0
09:57:36,177.606,0.0,0.0
09:57:36,96.913,0.0,0.0
09:57:36,165.156,0.0,0.0
09:57:36,135.566,0.0,0.0
09:57:36,114.678,0.0,0.0
09:57:36,176.552,0.0,0.0
09:57:36,95.388,0.0,0.0
09:57:36,163.818,0.0,0.0
09:57:36,133.553,0.0,0.0
09:57:36,112.784,0.0,0.0
09:57:36,175.361,0.0,0.0
09:57:36,94.973,0.0,0.0
09:57:36,163.568,0.0,0.0
09:57:36,133.741,0.0,0.0
09:57:36,114.365,0.0,0.0
09:57:36,177.027,0.0,0.0
09:57:36,96.91,0.0,0.0
09:57:36,166.129,0.0,0.0
09:57:36,136.103,0.0,0.0
09:57:36,116.453,0.0,0.0
09:57:36,178.444,0.0,0.0
09:57:36,98.033,0.0,0.0
09:57:36,166.637,0.0,0.0
09:57:36,134.212,0.0,0.0
09:57:36,110.617,0.0,0.0
09:57:36,165.034,0.0,0.0
09:57:36,84.224,0.0,0.0
09:57:36,164.285,0.0,0.0
09:57:36,142.149,0.0,0.0
09:57:36,133.644,0.0,0.0
09:57:36,191.898,0.0,0.0
09:57:36,106.643,0.0,0.0
09:57:36,168.582,0.0,0.0
09:57:36,134.553,0.0,0.0
09:57:36,118.33,0.0,0.0
09:57:36,172.116,0.0,0.0
09:57:36,97.823,0.0,0.0
09:57:36,163.784,0.0,0.0
09:57:36,129.233,0.0,0.0
09:57:36,120.85,0.0,0.0
09:57:36,169.448,0.0,0.0
09:57:36,99.999,0.0,0.0
09:57:36,166.344,0.0,0.0
09:57:36,129.045,0.0,0.0
09:57:36,120.168,0.0,0.0
09:57:36,164.483,0.0,0.0
09:57:36,93.488,0.0,0.0
09:57:36,157.348,0.0,0.0
09:57:36,119.061,0.0,0.0
09:57:36,116.079,0.0,0.0
09:57:36,156.11,0.0,0.0
09:57:36,90.831,0.0,0.0
09:57:36,156.351,0.0,0.0
09:57:36,113.551,0.0,0.0
09:57:36,116.339,0.0,0.0
09:57:36,151.588,0.0,0.0
09:57:36,89.088,0.0,0.0
09:57:36,153.256,0.0,0.0
09:57:36,111.309,0.0,0.0
09:57:36,117.045,0.0,0.0
09:57:36,153.211,0.0,0.0
09:57:36,94.118,0.0,0.0
09:57:36,159.983,0.0,0.0
09:57:36,118.084,0.0,0.0
09:57:36,123.833,0.0,0.0
09:57:36,160.434,0.0,0.0
09:57:36,98.379,0.0,0.0
09:57:36,166.809,0.0,0.0
09:57:36,127.092,0.0,0.0
09:57:36,123.11,0.0,0.0
09:57:36,169.958,0.0,0.0
09:57:36,96.914,0.0,0.0
09:57:36,165.126,0.0,0.0
09:57:36,130.624,0.0,0.0
09:57:36,116.506,0.0,0.0
09:57:36,171.927,0.0,0.0
09:57:36,94.651,0.0,0.0
09:57:36,163.564,0.0,0.0
09:57:36,130.447,0.0,0.0
09:57:36,116.242,0.0,0.0
09:57:36,173.457,0.0,0.0
09:57:36,96.268,0.0,0.0
09:57:36,165.155,0.0,0.0
09:57:36,131.864,0.0,0.0
09:57:36,118.249,0.0,0.0
09:57:36,175.497,0.0,0.0
09:57:36,97.579,0.0,0.0
09:57:36,165.523,0.0,0.0
09:57:36,130.892,0.0,0.0
09:57:36,116.291,0.0,0.0
09:57:36,172.622,0.0,0.0
09:57:36,95.23,0.0,0.0
09:57:36,164.853,0.0,0.0
09:57:36,131.959,0.0,0.0
09:57:36,119.241,0.0,0.0
09:57:36,176.391,0.0,0.0
09:57:36,98.507,0.0,0.0
09:57:37,167.316,0.0,0.0
09:57:37,132.309,0.0,0.0
09:57:37,117.38,0.0,0.0
09:57:37,173.503,0.0,0.0
09:57:37,95.301,0.0,0.0
09:57:37,164.761,0.0,0.0
09:57:37,130.292,0.0,0.0
09:57:37,115.993,0.0,0.0
09:57:37,172.353,0.0,0.0
09:57:37,94.951,0.0,0.0
09:57:37,164.489,0.0,0.0
09:57:37,129.442,0.0,0.0
09:57:37,115.967,0.0,0.0
09:57:37,172.301,0.0,0.0
09:57:37,94.166,0.0,0.0
09:57:37,163.647,0.0,0.0
09:57:37,128.891,0.0,0.0
09:57:37,115.356,0.0,0.0
09:57:37,171.903,0.0,0.0
09:57:37,94.475,0.0,0.0
09:57:37,165.223,0.0,0.0
09:57:37,130.912,0.0,0.0
09:57:37,117.966,0.0,0.0
09:57:37,174.302,0.0,0.0
09:57:37,96.169,0.0,0.0
09:57:37,164.617,0.0,0.0
09:57:37,125.478,0.0,0.0
09:57:37,107.093,0.0,0.0
09:57:37,161.544,0.0,0.0
09:57:37,92.94,0.0,0.0
09:57:37,170.379,0.0,0.0
09:57:37,142.15,0.0,0.0
09:57:37,130.063,0.0,0.0
09:57:37,179.518,0.0,0.0
09:57:37,97.589,0.0,0.0
09:57:37,165.907,0.0,0.0
09:57:37,129.168,0.0,0.0
09:57:37,115.969,0.0,0.0
09:57:37,171.388,0.0,0.0
09:57:37,93.049,0.0,0.0
09:57:37,163.17,0.0,0.0
09:57:37,126.941,0.0,0.0
09:57:37,114.043,0.0,0.0
09:57:37,169.488,0.0,0.0
09:57:37,91.302,0.0,0.0
09:57:37,161.809,0.0,0.0
09:57:37,125.41,0.0,0.0
09:57:37,112.741,0.0,0.0
09:57:37,168.106,0.0,0.0
09:57:37,89.752,0.0,0.0
09:57:37,160.153,0.0,0.0
09:57:37,123.484,0.0,0.0
09:57:37,110.823,0.0,0.0
09:57:37,165.6,0.0,0.0
09:57:37,86.681,0.0,0.0
09:57:37,156.848,0.0,0.0
09:57:37,119.755,0.0,0.0
09:57:37,107.312,0.0,0.0
09:57:37,162.421,0.0,0.0
09:57:37,84.401,0.0,0.0
09:57:37,155.91,0.0,0.0
09:57:37,120.166,0.0,0.0
09:57:37,109.67,0.0,0.0
09:57:37,166.518,0.0,0.0
09:57:37,90.325,0.0,0.0
09:57:37,163.369,0.0,0.0
09:57:37,128.074,0.0,0.0
09:57:37,117.523,0.0,0.0
09:57:37,173.086,0.0,0.0
09:57:37,95.371,0.0,0.0
09:57:37,166.738,0.0,0.0
09:57:37,129.687,0.0,0.0
09:57:37,118.459,0.0,0.0
09:57:37,173.368,0.0,0.0
09:57:37,95.557,0.0,0.0
09:57:37,166.751,0.0,0.0
09:57:37,129.625,0.0,0.0
09:57:37,118.748,0.0,0.0
09:57:37,173.362,0.0,0.0
09:57:37,95.462,0.0,0.0
09:57:37,166.474,0.0,0.0
09:57:37,128.638,0.0,0.0
09:57:37,117.748,0.0,0.0
09:57:37,172.392,0.0,0.0
09:57:37,95.074,0.0,0.0
09:57:37,166.521,0.0,0.0
09:57:37,129.22,0.0,0.0
09:57:37,119.172,0.0,0.0
09:57:37,173.873,0.0,0.0
09:57:37,96.493,0.0,0.0
09:57:37,167.974,0.0,0.0
09:57:37,130.253,0.0,0.0
09:57:37,119.994,0.0,0.0
09:57:37,174.516,0.0,0.0
09:57:37,97.445,0.0,0.0
09:57:37,169.701,0.0,0.0
09:57:37,132.242,0.0,0.0
09:57:37,122.173,0.0,0.0
09:57:37,176.044,0.0,0.0
09:57:37,97.542,0.0,0.0
09:57:37,168.129,0.0,0.0
09:57:37,129.29,0.0,0.0
09:57:37,119.004,0.0,0.0
09:57:37,172.886,0.0,0.0
09:57:37,95.053,0.0,0.0
09:57:37,167.742,0.0,0.0
09:57:37,130.363,0.0,0.0
09:57:37,121.228,0.0,0.0
09:57:37,175.977,0.0,0.0
09:57:37,98.699,0.0,0.0
09:57:37,170.649,0.0,0.0
09:57:37,132.856,0.0,0.0
09:57:37,124.527,0.0,0.0
09:57:37,178.018,0.0,0.0
09:57:37,101.768,0.0,0.0
09:57:37,172.719,0.0,0.0
09:57:37,132.811,0.0,0.0
09:57:37,123.284,0.0,0.0
09:57:37,172.942,0.0,0.0
09:57:37,93.323,0.0,0.0
09:57:37,160.462,0.0,0.0
09:57:37,121.473,0.0,0.0
09:57:37,122.922,0.0,0.0
09:57:37,179.495,0.0,0.0
09:57:37,108.834,0.0,0.0
09:57:38,178.468,0.0,0.0
09:57:38,131.589,0.0,0.0
09:57:38,120.453,0.0,0.0
09:57:38,168.81,0.0,0.0
09:57:38,92.511,0.0,0.0
09:57:38,163.454,0.0,0.0
09:57:38,122.786,0.0,0.0
09:57:38,115.38,0.0,0.0
09:57:38,165.261,0.0,0.0
09:57:38,89.173,0.0,0.0
09:57:38,159.817,0.0,0.0
09:57:38,118.889,0.0,0.0
09:57:38,111.836,0.0,0.0
09:57:38,161.944,0.0,0.0
09:57:38,86.726,0.0,0.0
09:57:38,159.018,0.0,0.0
09:57:38,118.511,0.0,0.0
09:57:38,110.624,0.0,0.0
09:57:38,158.475,0.0,0.0
09:57:38,82.592,0.0,0.0
09:57:38,154.47,0.0,0.0
09:57:38,113.741,0.0,0.0
09:57:38,105.44,0.0,0.0
09:57:38,150.316,0.0,0.0
09:57:38,72.927,0.0,0.0
09:57:38,143.583,0.0,0.0
09:57:38,99.049,0.0,0.0
09:57:38,81.489,0.0,0.0
09:57:38,113.493,0.0,0.0
09:57:38,46.039,0.0,0.0
09:57:38,124.228,0.0,0.0
09:57:38,84.681,0.0,0.0
09:57:38,83.068,0.0,0.0
09:57:38,134.586,0.0,0.0
09:57:38,59.786,0.0,0.0
09:57:38,128.794,0.0,0.0
09:57:38,80.464,0.0,0.0
09:57:38,68.697,0.0,0.0
09:57:38,113.602,0.0,0.0
09:57:38,37.006,0.0,0.0
09:57:38,103.096,0.0,0.0
09:57:38,57.491,0.0,0.0
09:57:38,51.125,0.0,0.0
09:57:38,100.994,0.0,0.0
09:57:38,31.557,0.0,0.0
09:57:38,103.034,0.0,0.0
09:57:38,61.249,0.0,0.0
09:57:38,60.68,0.0,0.0
09:57:38,110.606,0.0,0.0
09:57:38,32.153,0.0,0.0
09:57:38,97.193,0.0,0.0
09:57:38,52.433,0.0,0.0
09:57:38,46.391,0.0,0.0
09:57:38,91.932,0.0,0.0
09:57:38,20.551,0.0,0.0
09:57:38,93.754,0.0,0.0
09:57:38,54.008,0.0,0.0
09:57:38,55.516,0.0,0.0
09:57:38,110.048,0.0,0.0
09:57:38,46.265,0.0,0.0
09:57:38,126.338,0.0,0.0
09:57:38,92.576,0.0,0.0
09:57:38,95.716,0.0,0.0
09:57:38,145.458,0.0,0.0
09:57:38,74.859,0.0,0.0
09:57:38,151.385,0.0,0.0
09:57:38,118.548,0.0,0.0
09:57:38,122.586,0.0,0.0
09:57:38,172.008,0.0,0.0
09:57:38,99.911,0.0,0.0
09:57:38,169.438,0.0,0.0
09:57:38,125.924,0.0,0.0
09:57:38,124.388,0.0,0.0
09:57:38,171.445,0.0,0.0
09:57:38,99.203,0.0,0.0
09:57:38,171.494,0.0,0.0
09:57:38,129.625,0.0,0.0
09:57:38,128.464,0.0,0.0
09:57:38,174.989,0.0,0.0
09:57:38,102.774,0.0,0.0
09:57:38,175.151,0.0,0.0
09:57:38,131.834,0.0,0.0
09:57:38,128.735,0.0,0.0
09:57:38,173.501,0.0,0.0
09:57:38,98.956,0.0,0.0
09:57:38,170.518,0.0,0.0
09:57:38,126.421,0.0,0.0
09:57:38,123.527,0.0,0.0
09:57:38,167.419,0.0,0.0
09:57:38,90.541,0.0,0.0
09:57:38,156.827,0.0,0.0
09:57:38,109.066,0.0,0.0
09:57:38,115.474,0.0,0.0
09:57:38,171.743,0.0,0.0
09:57:38,108.526,0.0,0.0
09:57:38,184.406,0.0,0.0
09:57:38,135.408,0.0,0.0
09:57:38,130.772,0.0,0.0
09:57:38,175.234,0.0,0.0
09:57:38,101.56,0.0,0.0
09:57:38,172.521,0.0,0.0
09:57:38,126.94,0.0,0.0
09:57:38,124.342,0.0,0.0
09:57:38,168.679,0.0,0.0
09:57:38,95.496,0.0,0.0
09:57:38,167.069,0.0,0.0
09:57:38,122.816,0.0,0.0
09:57:38,121.698,0.0,0.0
09:57:38,166.888,0.0,0.0
09:57:38,94.323,0.0,0.0
09:57:38,166.568,0.0,0.0
09:57:38,122.654,0.0,0.0
09:57:38,121.949,0.0,0.0
09:57:38,166.457,0.0,0.0
09:57:38,93.152,0.0,0.0
09:57:38,164.152,0.0,0.0
09:57:38,118.058,0.0,0.0
09:57:38,115.954,0.0,0.0
09:57:38,159.409,0.0,0.0
09:57:38,86.397,0.0,0.0
09:57:38,158.389,0.0,0.0
09:57:38,114.601,0.0,0.0
09:57:38,115.416,0.0,0.0
09:57:38,162.003,0.0,0.0
09:57:38,90.595,0.0,0.0
09:57:39,164.462,0.0,0.0
09:57:39,121.561,0.0,0.0
09:57:39,121.755,0.0,0.0
09:57:39,167.163,0.0,0.0
09:57:39,95.973,0.0,0.0
09:57:39,168.873,0.0,0.0
09:57:39,124.277,0.0,0.0
09:57:39,124.963,0.0,0.0
09:57:39,170.347,0.0,0.0
09:57:39,98.849,0.0,0.0
09:57:39,172.019,0.0,0.0
09:57:39,127.68,0.0,0.0
09:57:39,128.213,0.0,0.0
09:57:39,172.371,0.0,0.0
09:57:39,100.102,0.0,0.0
09:57:39,171.931,0.0,0.0
09:57:39,126.178,0.0,0.0
09:57:39,126.217,0.0,0.0
09:57:39,169.74,0.0,0.0
09:57:39,97.71,0.0,0.0
09:57:39,170.186,0.0,0.0
09:57:39,125.516,0.0,0.0
09:57:39,126.591,0.0,0.0
09:57:39,170.093,0.0,0.0
09:57:39,98.195,0.0,0.0
09:57:39,170.234,0.0,0.0
09:57:39,124.486,0.0,0.0
09:57:39,124.905,0.0,0.0
09:57:39,168.061,0.0,0.0
09:57:39,96.286,0.0,0.0
09:57:39,168.521,0.0,0.0
09:57:39,123.411,0.0,0.0
09:57:39,124.733,0.0,0.0
09:57:39,168.052,0.0,0.0
09:57:39,96.462,0.0,0.0
09:57:39,168.891,0.0,0.0
09:57:39,123.221,0.0,0.0
09:57:39,123.603,0.0,0.0
09:57:39,166.198,0.0,0.0
09:57:39,94.461,0.0,0.0
09:57:39,167.218,0.0,0.0
09:57:39,122.162,0.0,0.0
09:57:39,124.554,0.0,0.0
09:57:39,168.412,0.0,0.0
09:57:39,97.27,0.0,0.0
09:57:39,170.591,0.0,0.0
09:57:39,124.915,0.0,0.0
09:57:39,127.896,0.0,0.0
09:57:39,172.113,0.0,0.0
09:57:39,101.603,0.0,0.0
09:57:39,174.148,0.0,0.0
09:57:39,128.094,0.0,0.0
09:57:39,130.924,0.0,0.0
09:57:39,174.249,0.0,0.0
09:57:39,102.979,0.0,0.0
09:57:39,172.183,0.0,0.0
09:57:39,120.988,0.0,0.0
09:57:39,117.404,0.0,0.0
09:57:39,161.992,0.0,0.0
09:57:39,101.027,0.0,0.0
09:57:39,179.304,0.0,0.0
09:57:39,136.864,0.0,0.0
09:57:39,131.883,0.0,0.0
09:57:39,162.994,0.0,0.0
09:57:39,90.224,0.0,0.0
09:57:39,159.769,0.0,0.0
09:57:39,111.657,0.0,0.0
09:57:39,113.279,0.0,0.0
09:57:39,151.333,0.0,0.0
09:57:39,79.418,0.0,0.0
09:57:39,149.682,0.0,0.0
09:57:39,101.836,0.0,0.0
09:57:39,104.906,0.0,0.0
09:57:39,146.922,0.0,0.0
09:57:39,80.923,0.0,0.0
09:57:39,156.554,0.0,0.0
09:57:39,112.485,0.0,0.0
09:57:39,118.638,0.0,0.0
09:57:39,160.959,0.0,0.0
09:57:39,93.378,0.0,0.0
09:57:39,170.573,0.0,0.0
09:57:39,125.601,0.0,0.0
09:57:39,130.085,0.0,0.0
09:57:39,170.897,0.0,0.0
09:57:39,97.643,0.0,0.0
09:57:39,168.427,0.0,0.0
09:57:39,118.338,0.0,0.0
09:57:39,120.024,0.0,0.0
09:57:39,160.967,0.0,0.0
09:57:39,90.264,0.0,0.0
09:57:39,165.461,0.0,0.0
09:57:39,119.62,0.0,0.0
09:57:39,123.936,0.0,0.0
09:57:39,166.42,0.0,0.0
09:57:39,97.128,0.0,0.0
09:57:39,170.713,0.0,0.0
09:57:39,122.867,0.0,0.0
09:57:39,126.912,0.0,0.0
09:57:39,166.526,0.0,0.0
09:57:39,94.93,0.0,0.0
09:57:39,164.652,0.0,0.0
09:57:39,112.628,0.0,0.0
09:57:39,113.285,0.0,0.0
09:57:39,149.235,0.0,0.0
09:57:39,76.038,0.0,0.0
09:57:39,149.016,0.0,0.0
09:57:39,102.961,0.0,0.0
09:57:39,109.073,0.0,0.0
09:57:39,151.826,0.0,0.0
09:57:39,82.831,0.0,0.0
09:57:39,157.887,0.0,0.0
09:57:39,112.331,0.0,0.0
09:57:39,118.806,0.0,0.0
09:57:39,162.158,0.0,0.0
09:57:39,93.346,0.0,0.0
09:57:39,169.593,0.0,0.0
09:57:39,121.953,0.0,0.0
09:57:39,127.204,0.0,0.0
09:57:39,168.638,0.0,0.0
09:57:39,96.526,0.0,0.0
09:57:39,168.991,0.0,0.0
09:57:39,117.689,0.0,0.0
09:57:39,119.469,0.0,0.0
09:57:39,156.036,0.0,0.0
09:57:39,80.886,0.0,0.0
09:57:40,153.115,0.0,0.0
09:57:40,102.769,0.0,0.0
09:57:40,107.084,0.0,0.0
09:57:40,147.061,0.0,0.0
09:57:40,76.191,0.0,0.0
09:57:40,147.151,0.0,0.0
09:57:40,94.551,0.0,0.0
09:57:40,98.779,0.0,0.0
09:57:40,140.034,0.0,0.0
09:57:40,73.171,0.0,0.0
09:57:40,150.962,0.0,0.0
09:57:40,105.835,0.0,0.0
09:57:40,115.87,0.0,0.0
09:57:40,158.208,0.0,0.0
09:57:40,90.696,0.0,0.0
09:57:40,166.764,0.0,0.0
09:57:40,118.999,0.0,0.0
09:57:40,127.259,0.0,0.0
09:57:40,169.749,0.0,0.0
09:57:40,101.844,0.0,0.0
09:57:40,175.904,0.0,0.0
09:57:40,121.086,0.0,0.0
09:57:40,121.266,0.0,0.0
09:57:40,167.098,0.0,0.0
09:57:40,105.133,0.0,0.0
09:57:40,186.899,0.0,0.0
09:57:40,140.179,0.0,0.0
09:57:40,139.244,0.0,0.0
09:57:40,172.661,0.0,0.0
09:57:40,101.336,0.0,0.0
09:57:40,174.631,0.0,0.0
09:57:40,123.605,0.0,0.0
09:57:40,130.05,0.0,0.0
09:57:40,168.059,0.0,0.0
09:57:40,98.229,0.0,0.0
09:57:40,172.207,0.0,0.0
09:57:40,121.476,0.0,0.0
09:57:40,128.297,0.0,0.0
09:57:40,166.693,0.0,0.0
09:57:40,97.046,0.0,0.0
09:57:40,172.653,0.0,0.0
09:57:40,122.694,0.0,0.0
09:57:40,129.471,0.0,0.0
09:57:40,167.046,0.0,0.0
09:57:40,95.291,0.0,0.0
09:57:40,168.933,0.0,0.0
09:57:40,116.663,0.0,0.0
09:57:40,122.339,0.0,0.0
09:57:40,159.409,0.0,0.0
09:57:40,87.429,0.0,0.0
09:57:40,161.688,0.0,0.0
09:57:40,110.564,0.0,0.0
09:57:40,118.026,0.0,0.0
09:57:40,157.144,0.0,0.0
09:57:40,87.599,0.0,0.0
09:57:40,162.421,0.0,0.0
09:57:40,111.285,0.0,0.0
09:57:40,118.333,0.0,0.0
09:57:40,155.414,0.0,0.0
09:57:40,84.365,0.0,0.0
09:57:40,158.172,0.0,0.0
09:57:40,108.076,0.0,0.0
09:57:40,118.373,0.0,0.0
09:57:40,158.033,0.0,0.0
09:57:40,89.844,0.0,0.0
09:57:40,164.347,0.0,0.0
09:57:40,112.761,0.0,0.0
09:57:40,122.338,0.0,0.0
09:57:40,160.764,0.0,0.0
09:57:40,92.229,0.0,0.0
09:57:40,169.027,0.0,0.0
09:57:40,120.262,0.0,0.0
09:57:40,130.904,0.0,0.0
09:57:40,169.563,0.0,0.0
09:57:40,100.508,0.0,0.0
09:57:40,174.538,0.0,0.0
09:57:40,121.529,0.0,0.0
09:57:40,130.808,0.0,0.0
09:57:40,169.778,0.0,0.0
09:57:40,101.459,0.0,0.0
09:57:40,174.348,0.0,0.0
09:57:40,122.368,0.0,0.0
09:57:40,131.713,0.0,0.0
09:57:40,168.094,0.0,0.0
09:57:40,100.527,0.0,0.0
09:57:40,176.405,0.0,0.0
09:57:40,124.778,0.0,0.0
09:57:40,134.684,0.0,0.0
09:57:40,171.944,0.0,0.0
09:57:40,103.276,0.0,0.0
09:57:40,176.894,0.0,0.0
09:57:40,124.469,0.0,0.0
09:57:40,133.769,0.0,0.0
09:57:40,168.051,0.0,0.0
09:57:40,98.711,0.0,0.0
09:57:40,172.543,0.0,0.0
09:57:40,119.766,0.0,0.0
09:57:40,130.204,0.0,0.0
09:57:40,166.498,0.0,0.0
09:57:40,99.362,0.0,0.0
09:57:40,175.212,0.0,0.0
09:57:40,122.43,0.0,0.0
09:57:40,131.504,0.0,0.0
09:57:40,168.089,0.0,0.0
09:57:40,102.105,0.0,0.0
09:57:40,176.821,0.0,0.0
09:57:40,124.378,0.0,0.0
09:57:40,135.174,0.0,0.0
09:57:40,168.691,0.0,0.0
09:57:40,97.036,0.0,0.0
09:57:40,167.203,0.0,0.0
09:57:40,116.758,0.0,0.0
09:57:40,137.079,0.0,0.0
09:57:40,179.321,0.0,0.0
09:57:40,117.033,0.0,0.0
09:57:40,186.496,0.0,0.0
09:57:40,125.718,0.0,0.0
09:57:40,133.091,0.0,0.0
09:57:40,165.819,0.0,0.0
09:57:40,96.254,0.0,0.0
09:57:40,168.461,0.0,0.0
09:57:40,114.51,0.0,0.0
09:57:40,125.397,0.0,0.0
09:57:40,160.019,0.0,0.0
09:57:40,93.301,0.0,0.0
09:57:41,166.789,0.0,0.0
09:57:41,112.291,0.0,0.0
09:57:41,123.229,0.0,0.0
09:57:41,157.73,0.0,0.0
09:57:41,90.366,0.0,0.0
09:57:41,164.893,0.0,0.0
09:57:41,111.519,0.0,0.0
09:57:41,122.635,0.0,0.0
09:57:41,155.798,0.0,0.0
09:57:41,88.356,0.0,0.0
09:57:41,162.631,0.0,0.0
09:57:41,108.936,0.0,0.0
09:57:41,119.956,0.0,0.0
09:57:41,153.246,0.0,0.0
09:57:41,86.213,0.0,0.0
09:57:41,160.268,0.0,0.0
09:57:41,106.589,0.0,0.0
09:57:41,119.68,0.0,0.0
09:57:41,154.923,0.0,0.0
09:57:41,88.834,0.0,0.0
09:57:41,165.662,0.0,0.0
09:57:41,114.219,0.0,0.0
09:57:41,127.355,0.0,0.0
09:57:41,162.901,0.0,0.0
09:57:41,96.568,0.0,0.0
09:57:41,171.678,0.0,0.0
09:57:41,118.645,0.0,0.0
09:57:41,131.258,0.0,0.0
09:57:41,165.425,0.0,0.0
09:57:41,99.083,0.0,0.0
09:57:41,173.778,0.0,0.0
09:57:41,119.629,0.0,0.0
09:57:41,131.8,0.0,0.0
09:57:41,166.129,0.0,0.0
09:57:41,99.04,0.0,0.0
09:57:41,174.024,0.0,0.0
09:57:41,120.054,0.0,0.0
09:57:41,133.179,0.0,0.0
09:57:41,166.298,0.0,0.0
09:57:41,99.474,0.0,0.0
09:57:41,174.033,0.0,0.0
09:57:41,119.39,0.0,0.0
09:57:41,131.554,0.0,0.0
09:57:41,162.868,0.0,0.0
09:57:41,95.068,0.0,0.0
09:57:41,168.916,0.0,0.0
09:57:41,113.948,0.0,0.0
09:57:41,126.746,0.0,0.0
09:57:41,159.07,0.0,0.0
09:57:41,93.68,0.0,0.0
09:57:41,169.209,0.0,0.0
09:57:41,114.126,0.0,0.0
09:57:41,127.582,0.0,0.0
09:57:41,160.033,0.0,0.0
09:57:41,94.135,0.0,0.0
09:57:41,169.208,0.0,0.0
09:57:41,113.659,0.0,0.0
09:57:41,127.213,0.0,0.0
09:57:41,160.425,0.0,0.0
09:57:41,94.569,0.0,0.0
09:57:41,171.256,0.0,0.0
09:57:41,116.605,0.0,0.0
09:57:41,131.418,0.0,0.0
09:57:41,165.003,0.0,0.0
09:57:41,98.091,0.0,0.0
09:57:41,174.375,0.0,0.0
09:57:41,120.198,0.0,0.0
09:57:41,134.021,0.0,0.0
09:57:41,167.768,0.0,0.0
09:57:41,101.19,0.0,0.0
09:57:41,174.442,0.0,0.0
09:57:41,114.988,0.0,0.0
09:57:41,125.633,0.0,0.0
09:57:41,160.618,0.0,0.0
09:57:41,102.899,0.0,0.0
09:57:41,185.709,0.0,0.0
09:57:41,135.249,0.0,0.0
09:57:41,144.759,0.0,0.0
09:57:41,169.566,0.0,0.0
09:57:41,100.686,0.0,0.0
09:57:41,175.081,0.0,0.0
09:57:41,119.157,0.0,0.0
09:57:41,133.841,0.0,0.0
09:57:41,164.754,0.0,0.0
09:57:41,98.419,0.0,0.0
09:57:41,172.841,0.0,0.0
09:57:41,116.222,0.0,0.0
09:57:41,130.227,0.0,0.0
09:57:41,159.814,0.0,0.0
09:57:41,93.454,0.0,0.0
09:57:41,167.471,0.0,0.0
09:57:41,110.749,0.0,0.0
09:57:41,125.554,0.0,0.0
09:57:41,154.951,0.0,0.0
09:57:41,88.055,0.0,0.0
09:57:41,162.639,0.0,0.0
09:57:41,105.187,0.0,0.0
09:57:41,118.572,0.0,0.0
09:57:41,147.624,0.0,0.0
09:57:41,79.928,0.0,0.0
09:57:41,152.627,0.0,0.0
09:57:41,92.396,0.0,0.0
09:57:41,106.183,0.0,0.0
09:57:41,140.606,0.0,0.0
09:57:41,78.228,0.0,0.0
09:57:41,155.971,0.0,0.0
09:57:41,102.166,0.0,0.0
09:57:41,119.926,0.0,0.0
09:57:41,152.488,0.0,0.0
09:57:41,89.144,0.0,0.0
09:57:41,165.841,0.0,0.0
09:57:41,110.919,0.0,0.0
09:57:41,128.804,0.0,0.0
09:57:41,161.153,0.0,0.0
09:57:41,97.432,0.0,0.0
09:57:41,171.443,0.0,0.0
09:57:41,113.842,0.0,0.0
09:57:41,130.52,0.0,0.0
09:57:41,161.241,0.0,0.0
09:57:41,96.501,0.0,0.0
09:57:41,173.134,0.0,0.0
09:57:41,118.692,0.0,0.0
09:57:41,136.439,0.0,0.0
09:57:41,165.979,0.0,0.0
09:57:41,100.181,0.0,0.0
09:57:42,172.581,0.0,0.0
09:57:42,112.238,0.0,0.0
09:57:42,125.295,0.0,0.0
09:57:42,151.253,0.0,0.0
09:57:42,82.361,0.0,0.0
09:57:42,151.953,0.0,0.0
09:57:42,89.978,0.0,0.0
09:57:42,101.849,0.0,0.0
09:57:42,127.49,0.0,0.0
09:57:42,61.194,0.0,0.0
09:57:42,134.416,0.0,0.0
09:57:42,76.435,0.0,0.0
09:57:42,93.148,0.0,0.0
09:57:42,122.738,0.0,0.0
09:57:42,58.812,0.0,0.0
09:57:42,133.991,0.0,0.0
09:57:42,77.692,0.0,0.0
09:57:42,95.369,0.0,0.0
09:57:42,123.805,0.0,0.0
09:57:42,58.478,0.0,0.0
09:57:42,132.959,0.0,0.0
09:57:42,75.178,0.0,0.0
09:57:42,92.901,0.0,0.0
09:57:42,123.71,0.0,0.0
09:57:42,61.896,0.0,0.0
09:57:42,141.383,0.0,0.0
09:57:42,85.414,0.0,0.0
09:57:42,103.506,0.0,0.0
09:57:42,134.341,0.0,0.0
09:57:42,70.521,0.0,0.0
09:57:42,148.079,0.0,0.0
09:57:42,90.303,0.0,0.0
09:57:42,105.682,0.0,0.0
09:57:42,131.099,0.0,0.0
09:57:42,60.138,0.0,0.0
09:57:42,134.998,0.0,0.0
09:57:42,87.168,0.0,0.0
09:57:42,112.987,0.0,0.0
09:57:42,149.999,0.0,0.0
09:57:42,84.263,0.0,0.0
09:57:42,155.464,0.0,0.0
09:57:42,96.663,0.0,0.0
09:57:42,114.888,0.0,0.0
09:57:42,148.276,0.0,0.0
09:57:42,90.546,0.0,0.0
09:57:42,166.701,0.0,0.0
09:57:42,106.593,0.0,0.0
09:57:42,122.361,0.0,0.0
09:57:42,150.669,0.0,0.0
09:57:42,85.714,0.0,0.0
09:57:42,160.676,0.0,0.0
09:57:42,104.078,0.0,0.0
09:57:42,121.493,0.0,0.0
09:57:42,148.996,0.0,0.0
09:57:42,85.906,0.0,0.0
09:57:42,160.613,0.0,0.0
09:57:42,103.69,0.0,0.0
09:57:42,121.718,0.0,0.0
09:57:42,149.633,0.0,0.0
09:57:42,88.206,0.0,0.0
09:57:42,163.754,0.0,0.0
09:57:42,105.484,0.0,0.0
09:57:42,122.43,0.0,0.0
09:57:42,152.166,0.0,0.0
09:57:42,87.842,0.0,0.0
09:57:42,162.751,0.0,0.0
09:57:42,105.034,0.0,0.0
09:57:42,122.926,0.0,0.0
09:57:42,154.225,0.0,0.0
09:57:42,90.335,0.0,0.0
09:57:42,166.465,0.0,0.0
09:57:42,107.535,0.0,0.0
09:57:42,123.831,0.0,0.0
09:57:42,150.674,0.0,0.0
09:57:42,80.539,0.0,0.0
09:57:42,156.156,0.0,0.0
09:57:42,99.927,0.0,0.0
09:57:42,118.783,0.0,0.0
09:57:42,147.754,0.0,0.0
09:57:42,80.666,0.0,0.0
09:57:42,155.733,0.0,0.0
09:57:42,97.305,0.0,0.0
09:57:42,114.757,0.0,0.0
09:57:42,144.214,0.0,0.0
09:57:42,79.053,0.0,0.0
09:57:42,156.77,0.0,0.0
09:57:42,99.673,0.0,0.0
09:57:42,117.93,0.0,0.0
09:57:42,148.549,0.0,0.0
09:57:42,82.206,0.0,0.0
09:57:42,159.567,0.0,0.0
09:57:42,100.849,0.0,0.0
09:57:42,118.623,0.0,0.0
09:57:42,149.942,0.0,0.0
09:57:42,83.362,0.0,0.0
09:57:42,162.443,0.0,0.0
09:57:42,104.035,0.0,0.0
09:57:42,121.613,0.0,0.0
09:57:42,153.227,0.0,0.0
09:57:42,86.903,0.0,0.0
09:57:42,166.209,0.0,0.0
09:57:42,107.723,0.0,0.0
09:57:42,125.433,0.0,0.0
09:57:42,155.977,0.0,0.0
09:57:42,88.651,0.0,0.0
09:57:42,166.678,0.0,0.0
09:57:42,108.46,0.0,0.0
09:57:42,126.779,0.0,0.0
09:57:42,156.902,0.0,0.0
09:57:42,90.734,0.0,0.0
09:57:42,169.483,0.0,0.0
09:57:42,111.004,0.0,0.0
09:57:42,129.409,0.0,0.0
09:57:42,159.236,0.0,0.0
09:57:42,92.031,0.0,0.0
09:57:42,169.057,0.0,0.0
09:57:42,108.881,0.0,0.0
09:57:42,127.069,0.0,0.0
09:57:42,156.041,0.0,0.0
09:57:42,86.195,0.0,0.0
09:57:42,159.756,0.0,0.0
09:57:42,94.248,0.0,0.0
09:57:42,114.829,0.0,0.0
09:57:42,155.228,0.0,0.0
09:57:42,97.945,0.0,0.0
09:57:43,183.441,0.0,0.0
09:57:43,119.728,0.0,0.0
09:57:43,132.803,0.0,0.0
09:57:43,160.051,0.0,0.0
09:57:43,92.223,0.0,0.0
09:57:43,168.778,0.0,0.0
09:57:43,108.54,0.0,0.0
09:57:43,126.799,0.0,0.0
09:57:43,156.039,0.0,0.0
09:57:43,89.799,0.0,0.0
09:57:43,167.494,0.0,0.0
09:57:43,108.647,0.0,0.0
09:57:43,129.226,0.0,0.0
09:57:43,159.983,0.0,0.0
09:57:43,95.014,0.0,0.0
09:57:43,172.43,0.0,0.0
09:57:43,112.463,0.0,0.0
09:57:43,130.631,0.0,0.0
09:57:43,157.993,0.0,0.0
09:57:43,90.886,0.0,0.0
09:57:43,165.683,0.0,0.0
09:57:43,103.233,0.0,0.0
09:57:43,119.477,0.0,0.0
09:57:43,145.378,0.0,0.0
09:57:43,79.083,0.0,0.0
09:57:43,156.016,0.0,0.0
09:57:43,97.251,0.0,0.0
09:57:43,117.908,0.0,0.0
09:57:43,147.519,0.0,0.0
09:57:43,84.609,0.0,0.0
09:57:43,163.5,0.0,0.0
09:57:43,105.871,0.0,0.0
09:57:43,126.987,0.0,0.0
09:57:43,156.013,0.0,0.0
09:57:43,92.851,0.0,0.0
09:57:43,170.273,0.0,0.0
09:57:43,111.709,0.0,0.0
09:57:43,131.576,0.0,0.0
09:57:43,157.981,0.0,0.0
09:57:43,92.795,0.0,0.0
09:57:43,167.755,0.0,0.0
09:57:43,108.483,0.0,0.0
09:57:43,129.338,0.0,0.0
09:57:43,156.329,0.0,0.0
09:57:43,97.291,0.0,0.0
09:57:43,170.016,0.0,0.0
09:57:43,109.238,0.0,0.0
09:57:43,131.911,0.0,0.0
09:57:43,149.003,0.0,0.0
09:57:43,91.596,0.0,0.0
09:57:43,163.654,0.0,0.0
09:57:43,105.457,0.0,0.0
09:57:43,131.775,0.0,0.0
09:57:43,150.978,0.0,0.0
09:57:43,97.416,0.0,0.0
09:57:43,167.755,0.0,0.0
09:57:43,109.754,0.0,0.0
09:57:43,136.144,0.0,0.0
09:57:43,152.181,0.0,0.0
09:57:43,101.306,0.0,0.0
09:57:43,168.834,0.0,0.0
09:57:43,110.386,0.0,0.0
09:57:43,139.874,0.0,0.0
09:57:43,149.516,0.0,0.0
09:57:43,102.838,0.0,0.0
09:57:43,168.213,0.0,0.0
09:57:43,107.746,0.0,0.0
09:57:43,140.473,0.0,0.0
09:57:43,145.791,0.0,0.0
09:57:43,103.185,0.0,0.0
09:57:43,166.589,0.0,0.0
09:57:43,107.063,0.0,0.0
09:57:43,141.565,0.0,0.0
09:57:43,146.814,0.0,0.0
09:57:43,105.973,0.0,0.0
09:57:43,168.778,0.0,0.0
09:57:43,109.548,0.0,0.0
09:57:43,143.493,0.0,0.0
09:57:43,147.891,0.0,0.0
09:57:43,105.99,0.0,0.0
09:57:43,169.081,0.0,0.0
09:57:43,107.783,0.0,0.0
09:57:43,138.856,0.0,0.0
09:57:43,141.571,0.0,0.0
09:57:43,88.452,0.0,0.0
09:57:43,163.511,0.0,0.0
09:57:43,113.979,0.0,0.0
09:57:43,148.633,0.0,0.0
09:57:43,171.459,0.0,0.0
09:57:43,106.074,0.0,0.0
09:57:43,174.713,0.0,0.0
09:57:43,111.601,0.0,0.0
09:57:43,132.83,0.0,0.0
09:57:43,156.684,0.0,0.0
09:57:43,94.067,0.0,0.0
09:57:43,169.459,0.0,0.0
09:57:43,108.676,0.0,0.0
09:57:43,130.338,0.0,0.0
09:57:43,154.851,0.0,0.0
09:57:43,91.828,0.0,0.0
09:57:43,167.764,0.0,0.0
09:57:43,106.789,0.0,0.0
09:57:43,128.489,0.0,0.0
09:57:43,152.986,0.0,0.0
09:57:43,89.528,0.0,0.0
09:57:43,165.376,0.0,0.0
09:57:43,103.977,0.0,0.0
09:57:43,125.273,0.0,0.0
09:57:43,149.37,0.0,0.0
09:57:43,85.251,0.0,0.0
09:57:43,161.177,0.0,0.0
09:57:43,99.392,0.0,0.0
09:57:43,120.614,0.0,0.0
09:57:43,145.249,0.0,0.0
09:57:43,81.764,0.0,0.0
09:57:43,159.109,0.0,0.0
09:57:43,98.741,0.0,0.0
09:57:43,121.878,0.0,0.0
09:57:43,148.574,0.0,0.0
09:57:43,87.164,0.0,0.0
09:57:43,166.018,0.0,0.0
09:57:43,106.524,0.0,0.0
09:57:43,129.888,0.0,0.0
09:57:43,155.848,0.0,0.0
09:57:43,93.475,0.0,0.0
09:57:44,170.919,0.0,0.0
09:57:44,109.995,0.0,0.0
09:57:44,132.35,0.0,0.0
09:57:44,157.261,0.0,0.0
09:57:44,94.021,0.0,0.0
09:57:44,171.004,0.0,0.0
09:57:44,109.523,0.0,0.0
09:57:44,131.738,0.0,0.0
09:57:44,156.673,0.0,0.0
09:57:44,93.523,0.0,0.0
09:57:44,170.739,0.0,0.0
09:57:44,109.268,0.0,0.0
09:57:44,131.789,0.0,0.0
09:57:44,156.791,0.0,0.0
09:57:44,93.779,0.0,0.0
09:57:44,171.159,0.0,0.0
09:57:44,109.707,0.0,0.0
09:57:44,132.341,0.0,0.0
09:57:44,157.294,0.0,0.0
09:57:44,94.367,0.0,0.0
09:57:44,171.971,0.0,0.0
09:57:44,110.361,0.0,0.0
09:57:44,133.135,0.0,0.0
09:57:44,157.875,0.0,0.0
09:57:44,94.723,0.0,0.0
09:57:44,172.303,0.0,0.0
09:57:44,110.292,0.0,0.0
09:57:44,133.197,0.0,0.0
09:57:44,157.79,0.0,0.0
09:57:44,93.933,0.0,0.0
09:57:44,171.392,0.0,0.0
09:57:44,109.349,0.0,0.0
09:57:44,132.078,0.0,0.0
09:57:44,156.444,0.0,0.0
09:57:44,93.114,0.0,0.0
09:57:44,171.383,0.0,0.0
09:57:44,109.324,0.0,0.0
09:57:44,133.327,0.0,0.0
09:57:44,159.059,0.0,0.0
09:57:44,95.838,0.0,0.0
09:57:44,173.736,0.0,0.0
09:57:44,111.347,0.0,0.0
09:57:44,134.856,0.0,0.0
09:57:44,159.882,0.0,0.0
09:57:44,96.866,0.0,0.0
09:57:44,174.964,0.0,0.0
09:57:44,112.064,0.0,0.0
09:57:44,132.48,0.0,0.0
09:57:44,151.833,0.0,0.0
09:57:44,82.158,0.0,0.0
09:57:44,163.913,0.0,0.0
09:57:44,112.471,0.0,0.0
09:57:44,144.338,0.0,0.0
09:57:44,175.071,0.0,0.0
09:57:44,106.493,0.0,0.0
09:57:44,177.564,0.0,0.0
09:57:44,112.012,0.0,0.0
09:57:44,134.117,0.0,0.0
09:57:44,157.376,0.0,0.0
09:57:44,93.781,0.0,0.0
09:57:44,170.552,0.0,0.0
09:57:44,107.446,0.0,0.0
09:57:44,131.142,0.0,0.0
09:57:44,155.126,0.0,0.0
09:57:44,92.456,0.0,0.0
09:57:44,169.765,0.0,0.0
09:57:44,106.716,0.0,0.0
09:57:44,130.114,0.0,0.0
09:57:44,153.14,0.0,0.0
09:57:44,89.833,0.0,0.0
09:57:44,166.518,0.0,0.0
09:57:44,103.389,0.0,0.0
09:57:44,126.974,0.0,0.0
09:57:44,149.631,0.0,0.0
09:57:44,86.125,0.0,0.0
09:57:44,162.379,0.0,0.0
09:57:44,98.693,0.0,0.0
09:57:44,122.138,0.0,0.0
09:57:44,144.88,0.0,0.0
09:57:44,82.269,0.0,0.0
09:57:44,159.578,0.0,0.0
09:57:44,97.441,0.0,0.0
09:57:44,123.024,0.0,0.0
09:57:44,147.679,0.0,0.0
09:57:44,87.186,0.0,0.0
09:57:44,166.207,0.0,0.0
09:57:44,105.028,0.0,0.0
09:57:44,130.834,0.0,0.0
09:57:44,154.754,0.0,0.0
09:57:44,93.258,0.0,0.0
09:57:44,171.129,0.0,0.0
09:57:44,108.791,0.0,0.0
09:57:44,133.678,0.0,0.0
09:57:44,156.558,0.0,0.0
09:57:44,94.491,0.0,0.0
09:57:44,171.737,0.0,0.0
09:57:44,108.799,0.0,0.0
09:57:44,133.308,0.0,0.0
09:57:44,155.859,0.0,0.0
09:57:44,93.879,0.0,0.0
09:57:44,171.134,0.0,0.0
09:57:44,108.203,0.0,0.0
09:57:44,132.948,0.0,0.0
09:57:44,155.421,0.0,0.0
09:57:44,93.559,0.0,0.0
09:57:44,170.756,0.0,0.0
09:57:44,107.892,0.0,0.0
09:57:44,132.828,0.0,0.0
09:57:44,155.312,0.0,0.0
09:57:44,93.786,0.0,0.0
09:57:44,171.344,0.0,0.0
09:57:44,108.634,0.0,0.0
09:57:44,133.721,0.0,0.0
09:57:44,156.164,0.0,0.0
09:57:44,94.902,0.0,0.0
09:57:44,172.457,0.0,0.0
09:57:44,109.51,0.0,0.0
09:57:44,134.513,0.0,0.0
09:57:44,156.646,0.0,0.0
09:57:44,95.289,0.0,0.0
09:57:44,172.584,0.0,0.0
09:57:44,109.701,0.0,0.0
09:57:44,134.92,0.0,0.0
09:57:44,156.445,0.0,0.0
09:57:44,95.066,0.0,0.0
09:57:45,172.149,0.0,0.0
09:57:45,108.082,0.0,0.0
09:57:45,133.363,0.0,0.0
09:57:45,155.193,0.0,0.0
09:57:45,93.928,0.0,0.0
09:57:45,171.744,0.0,0.0
09:57:45,108.506,0.0,0.0
09:57:45,135.121,0.0,0.0
09:57:45,156.944,0.0,0.0
09:57:45,95.7,0.0,0.0
09:57:45,173.913,0.0,0.0
09:57:45,109.492,0.0,0.0
09:57:45,135.898,0.0,0.0
09:57:45,157.51,0.0,0.0
09:57:45,95.784,0.0,0.0
09:57:45,172.655,0.0,0.0
09:57:45,104.745,0.0,0.0
09:57:45,125.629,0.0,0.0
09:57:45,143.751,0.0,0.0
09:57:45,92.422,0.0,0.0
09:57:45,179.659,0.0,0.0
09:57:45,124.043,0.0,0.0
09:57:45,151.534,0.0,0.0
09:57:45,164.44,0.0,0.0
09:57:45,98.478,0.0,0.0
09:57:45,174.013,0.0,0.0
09:57:45,108.47,0.0,0.0
09:57:45,134.681,0.0,0.0
09:57:45,155.265,0.0,0.0
09:57:45,94.293,0.0,0.0
09:57:45,171.388,0.0,0.0
09:57:45,106.757,0.0,0.0
09:57:45,133.072,0.0,0.0
09:57:45,153.394,0.0,0.0
09:57:45,92.664,0.0,0.0
09:57:45,169.265,0.0,0.0
09:57:45,104.878,0.0,0.0
09:57:45,131.068,0.0,0.0
09:57:45,150.883,0.0,0.0
09:57:45,90.215,0.0,0.0
09:57:45,166.008,0.0,0.0
09:57:45,101.284,0.0,0.0
09:57:45,126.896,0.0,0.0
09:57:45,146.073,0.0,0.0
09:57:45,85.178,0.0,0.0
09:57:45,160.707,0.0,0.0
09:57:45,96.34,0.0,0.0
09:57:45,122.653,0.0,0.0
09:57:45,142.776,0.0,0.0
09:57:45,83.415,0.0,0.0
09:57:45,160.474,0.0,0.0
09:57:45,98.024,0.0,0.0
09:57:45,126.323,0.0,0.0
09:57:45,148.148,0.0,0.0
09:57:45,90.296,0.0,0.0
09:57:45,167.968,0.0,0.0
09:57:45,105.613,0.0,0.0
09:57:45,133.379,0.0,0.0
09:57:45,153.944,0.0,0.0
09:57:45,94.878,0.0,0.0
09:57:45,171.174,0.0,0.0
09:57:45,107.571,0.0,0.0
09:57:45,134.496,0.0,0.0
09:57:45,154.276,0.0,0.0
09:57:45,94.817,0.0,0.0
09:57:45,170.828,0.0,0.0
09:57:45,107.142,0.0,0.0
09:57:45,134.278,0.0,0.0
09:57:45,154.06,0.0,0.0
09:57:45,94.804,0.0,0.0
09:57:45,1